等級,大人子ども,性別,生死
1等,大人,男性,生還
1等,大人,男性,生還
1等,大人,男性,生還
1等,大人,男性,生還
1等,大人,男性,生還
1等,大人,男性,生還
1等,大人,男性,生還
1等,大人,男性,生還
1等,大人,男性,生還
1等,大人,男性,生還
1等,大人,男性,生還
1等,大人,男性,生還
1等,大人,男性,生還
1等,大人,男性,生還
1等,大人,男性,生還
1等,大人,男性,生還
1等,大人,男性,生還
1等,大人,男性,生還
1等,大人,男性,生還
1等,大人,男性,生還
1等,大人,男性,生還
1等,大人,男性,生還
1等,大人,男性,生還
1等,大人,男性,生還
1等,大人,男性,生還
1等,大人,男性,生還
1等,大人,男性,生還
1等,大人,男性,生還
1等,大人,男性,生還
1等,大人,男性,生還
1等,大人,男性,生還
1等,大人,男性,生還
1等,大人,男性,生還
1等,大人,男性,生還
1等,大人,男性,生還
1等,大人,男性,生還
1等,大人,男性,生還
1等,大人,男性,生還
1等,大人,男性,生還
1等,大人,男性,生還
1等,大人,男性,生還
1等,大人,男性,生還
1等,大人,男性,生還
1等,大人,男性,生還
1等,大人,男性,生還
1等,大人,男性,生還
1等,大人,男性,生還
1等,大人,男性,生還
1等,大人,男性,生還
1等,大人,男性,生還
1等,大人,男性,生還
1等,大人,男性,生還
1等,大人,男性,生還
1等,大人,男性,生還
1等,大人,男性,生還
1等,大人,男性,生還
1等,大人,男性,生還
1等,大人,男性,死亡
1等,大人,男性,死亡
1等,大人,男性,死亡
1等,大人,男性,死亡
1等,大人,男性,死亡
1等,大人,男性,死亡
1等,大人,男性,死亡
1等,大人,男性,死亡
1等,大人,男性,死亡
1等,大人,男性,死亡
1等,大人,男性,死亡
1等,大人,男性,死亡
1等,大人,男性,死亡
1等,大人,男性,死亡
1等,大人,男性,死亡
1等,大人,男性,死亡
1等,大人,男性,死亡
1等,大人,男性,死亡
1等,大人,男性,死亡
1等,大人,男性,死亡
1等,大人,男性,死亡
1等,大人,男性,死亡
1等,大人,男性,死亡
1等,大人,男性,死亡
1等,大人,男性,死亡
1等,大人,男性,死亡
1等,大人,男性,死亡
1等,大人,男性,死亡
1等,大人,男性,死亡
1等,大人,男性,死亡
1等,大人,男性,死亡
1等,大人,男性,死亡
1等,大人,男性,死亡
1等,大人,男性,死亡
1等,大人,男性,死亡
1等,大人,男性,死亡
1等,大人,男性,死亡
1等,大人,男性,死亡
1等,大人,男性,死亡
1等,大人,男性,死亡
1等,大人,男性,死亡
1等,大人,男性,死亡
1等,大人,男性,死亡
1等,大人,男性,死亡
1等,大人,男性,死亡
1等,大人,男性,死亡
1等,大人,男性,死亡
1等,大人,男性,死亡
1等,大人,男性,死亡
1等,大人,男性,死亡
1等,大人,男性,死亡
1等,大人,男性,死亡
1等,大人,男性,死亡
1等,大人,男性,死亡
1等,大人,男性,死亡
1等,大人,男性,死亡
1等,大人,男性,死亡
1等,大人,男性,死亡
1等,大人,男性,死亡
1等,大人,男性,死亡
1等,大人,男性,死亡
1等,大人,男性,死亡
1等,大人,男性,死亡
1等,大人,男性,死亡
1等,大人,男性,死亡
1等,大人,男性,死亡
1等,大人,男性,死亡
1等,大人,男性,死亡
1等,大人,男性,死亡
1等,大人,男性,死亡
1等,大人,男性,死亡
1等,大人,男性,死亡
1等,大人,男性,死亡
1等,大人,男性,死亡
1等,大人,男性,死亡
1等,大人,男性,死亡
1等,大人,男性,死亡
1等,大人,男性,死亡
1等,大人,男性,死亡
1等,大人,男性,死亡
1等,大人,男性,死亡
1等,大人,男性,死亡
1等,大人,男性,死亡
1等,大人,男性,死亡
1等,大人,男性,死亡
1等,大人,男性,死亡
1等,大人,男性,死亡
1等,大人,男性,死亡
1等,大人,男性,死亡
1等,大人,男性,死亡
1等,大人,男性,死亡
1等,大人,男性,死亡
1等,大人,男性,死亡
1等,大人,男性,死亡
1等,大人,男性,死亡
1等,大人,男性,死亡
1等,大人,男性,死亡
1等,大人,男性,死亡
1等,大人,男性,死亡
1等,大人,男性,死亡
1等,大人,男性,死亡
1等,大人,男性,死亡
1等,大人,男性,死亡
1等,大人,男性,死亡
1等,大人,男性,死亡
1等,大人,男性,死亡
1等,大人,男性,死亡
1等,大人,男性,死亡
1等,大人,男性,死亡
1等,大人,男性,死亡
1等,大人,男性,死亡
1等,大人,男性,死亡
1等,大人,男性,死亡
1等,大人,男性,死亡
1等,大人,男性,死亡
1等,大人,男性,死亡
1等,大人,男性,死亡
1等,大人,男性,死亡
1等,大人,女性,生還
1等,大人,女性,生還
1等,大人,女性,生還
1等,大人,女性,生還
1等,大人,女性,生還
1等,大人,女性,生還
1等,大人,女性,生還
1等,大人,女性,生還
1等,大人,女性,生還
1等,大人,女性,生還
1等,大人,女性,生還
1等,大人,女性,生還
1等,大人,女性,生還
1等,大人,女性,生還
1等,大人,女性,生還
1等,大人,女性,生還
1等,大人,女性,生還
1等,大人,女性,生還
1等,大人,女性,生還
1等,大人,女性,生還
1等,大人,女性,生還
1等,大人,女性,生還
1等,大人,女性,生還
1等,大人,女性,生還
1等,大人,女性,生還
1等,大人,女性,生還
1等,大人,女性,生還
1等,大人,女性,生還
1等,大人,女性,生還
1等,大人,女性,生還
1等,大人,女性,生還
1等,大人,女性,生還
1等,大人,女性,生還
1等,大人,女性,生還
1等,大人,女性,生還
1等,大人,女性,生還
1等,大人,女性,生還
1等,大人,女性,生還
1等,大人,女性,生還
1等,大人,女性,生還
1等,大人,女性,生還
1等,大人,女性,生還
1等,大人,女性,生還
1等,大人,女性,生還
1等,大人,女性,生還
1等,大人,女性,生還
1等,大人,女性,生還
1等,大人,女性,生還
1等,大人,女性,生還
1等,大人,女性,生還
1等,大人,女性,生還
1等,大人,女性,生還
1等,大人,女性,生還
1等,大人,女性,生還
1等,大人,女性,生還
1等,大人,女性,生還
1等,大人,女性,生還
1等,大人,女性,生還
1等,大人,女性,生還
1等,大人,女性,生還
1等,大人,女性,生還
1等,大人,女性,生還
1等,大人,女性,生還
1等,大人,女性,生還
1等,大人,女性,生還
1等,大人,女性,生還
1等,大人,女性,生還
1等,大人,女性,生還
1等,大人,女性,生還
1等,大人,女性,生還
1等,大人,女性,生還
1等,大人,女性,生還
1等,大人,女性,生還
1等,大人,女性,生還
1等,大人,女性,生還
1等,大人,女性,生還
1等,大人,女性,生還
1等,大人,女性,生還
1等,大人,女性,生還
1等,大人,女性,生還
1等,大人,女性,生還
1等,大人,女性,生還
1等,大人,女性,生還
1等,大人,女性,生還
1等,大人,女性,生還
1等,大人,女性,生還
1等,大人,女性,生還
1等,大人,女性,生還
1等,大人,女性,生還
1等,大人,女性,生還
1等,大人,女性,生還
1等,大人,女性,生還
1等,大人,女性,生還
1等,大人,女性,生還
1等,大人,女性,生還
1等,大人,女性,生還
1等,大人,女性,生還
1等,大人,女性,生還
1等,大人,女性,生還
1等,大人,女性,生還
1等,大人,女性,生還
1等,大人,女性,生還
1等,大人,女性,生還
1等,大人,女性,生還
1等,大人,女性,生還
1等,大人,女性,生還
1等,大人,女性,生還
1等,大人,女性,生還
1等,大人,女性,生還
1等,大人,女性,生還
1等,大人,女性,生還
1等,大人,女性,生還
1等,大人,女性,生還
1等,大人,女性,生還
1等,大人,女性,生還
1等,大人,女性,生還
1等,大人,女性,生還
1等,大人,女性,生還
1等,大人,女性,生還
1等,大人,女性,生還
1等,大人,女性,生還
1等,大人,女性,生還
1等,大人,女性,生還
1等,大人,女性,生還
1等,大人,女性,生還
1等,大人,女性,生還
1等,大人,女性,生還
1等,大人,女性,生還
1等,大人,女性,生還
1等,大人,女性,生還
1等,大人,女性,生還
1等,大人,女性,生還
1等,大人,女性,生還
1等,大人,女性,生還
1等,大人,女性,生還
1等,大人,女性,生還
1等,大人,女性,生還
1等,大人,女性,生還
1等,大人,女性,生還
1等,大人,女性,生還
1等,大人,女性,死亡
1等,大人,女性,死亡
1等,大人,女性,死亡
1等,大人,女性,死亡
1等,子ども,男性,生還
1等,子ども,男性,生還
1等,子ども,男性,生還
1等,子ども,男性,生還
1等,子ども,男性,生還
1等,子ども,女性,生還
2等,大人,男性,生還
2等,大人,男性,生還
2等,大人,男性,生還
2等,大人,男性,生還
2等,大人,男性,生還
2等,大人,男性,生還
2等,大人,男性,生還
2等,大人,男性,生還
2等,大人,男性,生還
2等,大人,男性,生還
2等,大人,男性,生還
2等,大人,男性,生還
2等,大人,男性,生還
2等,大人,男性,生還
2等,大人,男性,死亡
2等,大人,男性,死亡
2等,大人,男性,死亡
2等,大人,男性,死亡
2等,大人,男性,死亡
2等,大人,男性,死亡
2等,大人,男性,死亡
2等,大人,男性,死亡
2等,大人,男性,死亡
2等,大人,男性,死亡
2等,大人,男性,死亡
2等,大人,男性,死亡
2等,大人,男性,死亡
2等,大人,男性,死亡
2等,大人,男性,死亡
2等,大人,男性,死亡
2等,大人,男性,死亡
2等,大人,男性,死亡
2等,大人,男性,死亡
2等,大人,男性,死亡
2等,大人,男性,死亡
2等,大人,男性,死亡
2等,大人,男性,死亡
2等,大人,男性,死亡
2等,大人,男性,死亡
2等,大人,男性,死亡
2等,大人,男性,死亡
2等,大人,男性,死亡
2等,大人,男性,死亡
2等,大人,男性,死亡
2等,大人,男性,死亡
2等,大人,男性,死亡
2等,大人,男性,死亡
2等,大人,男性,死亡
2等,大人,男性,死亡
2等,大人,男性,死亡
2等,大人,男性,死亡
2等,大人,男性,死亡
2等,大人,男性,死亡
2等,大人,男性,死亡
2等,大人,男性,死亡
2等,大人,男性,死亡
2等,大人,男性,死亡
2等,大人,男性,死亡
2等,大人,男性,死亡
2等,大人,男性,死亡
2等,大人,男性,死亡
2等,大人,男性,死亡
2等,大人,男性,死亡
2等,大人,男性,死亡
2等,大人,男性,死亡
2等,大人,男性,死亡
2等,大人,男性,死亡
2等,大人,男性,死亡
2等,大人,男性,死亡
2等,大人,男性,死亡
2等,大人,男性,死亡
2等,大人,男性,死亡
2等,大人,男性,死亡
2等,大人,男性,死亡
2等,大人,男性,死亡
2等,大人,男性,死亡
2等,大人,男性,死亡
2等,大人,男性,死亡
2等,大人,男性,死亡
2等,大人,男性,死亡
2等,大人,男性,死亡
2等,大人,男性,死亡
2等,大人,男性,死亡
2等,大人,男性,死亡
2等,大人,男性,死亡
2等,大人,男性,死亡
2等,大人,男性,死亡
2等,大人,男性,死亡
2等,大人,男性,死亡
2等,大人,男性,死亡
2等,大人,男性,死亡
2等,大人,男性,死亡
2等,大人,男性,死亡
2等,大人,男性,死亡
2等,大人,男性,死亡
2等,大人,男性,死亡
2等,大人,男性,死亡
2等,大人,男性,死亡
2等,大人,男性,死亡
2等,大人,男性,死亡
2等,大人,男性,死亡
2等,大人,男性,死亡
2等,大人,男性,死亡
2等,大人,男性,死亡
2等,大人,男性,死亡
2等,大人,男性,死亡
2等,大人,男性,死亡
2等,大人,男性,死亡
2等,大人,男性,死亡
2等,大人,男性,死亡
2等,大人,男性,死亡
2等,大人,男性,死亡
2等,大人,男性,死亡
2等,大人,男性,死亡
2等,大人,男性,死亡
2等,大人,男性,死亡
2等,大人,男性,死亡
2等,大人,男性,死亡
2等,大人,男性,死亡
2等,大人,男性,死亡
2等,大人,男性,死亡
2等,大人,男性,死亡
2等,大人,男性,死亡
2等,大人,男性,死亡
2等,大人,男性,死亡
2等,大人,男性,死亡
2等,大人,男性,死亡
2等,大人,男性,死亡
2等,大人,男性,死亡
2等,大人,男性,死亡
2等,大人,男性,死亡
2等,大人,男性,死亡
2等,大人,男性,死亡
2等,大人,男性,死亡
2等,大人,男性,死亡
2等,大人,男性,死亡
2等,大人,男性,死亡
2等,大人,男性,死亡
2等,大人,男性,死亡
2等,大人,男性,死亡
2等,大人,男性,死亡
2等,大人,男性,死亡
2等,大人,男性,死亡
2等,大人,男性,死亡
2等,大人,男性,死亡
2等,大人,男性,死亡
2等,大人,男性,死亡
2等,大人,男性,死亡
2等,大人,男性,死亡
2等,大人,男性,死亡
2等,大人,男性,死亡
2等,大人,男性,死亡
2等,大人,男性,死亡
2等,大人,男性,死亡
2等,大人,男性,死亡
2等,大人,男性,死亡
2等,大人,男性,死亡
2等,大人,男性,死亡
2等,大人,男性,死亡
2等,大人,男性,死亡
2等,大人,男性,死亡
2等,大人,男性,死亡
2等,大人,男性,死亡
2等,大人,男性,死亡
2等,大人,男性,死亡
2等,大人,男性,死亡
2等,大人,男性,死亡
2等,大人,男性,死亡
2等,大人,女性,生還
2等,大人,女性,生還
2等,大人,女性,生還
2等,大人,女性,生還
2等,大人,女性,生還
2等,大人,女性,生還
2等,大人,女性,生還
2等,大人,女性,生還
2等,大人,女性,生還
2等,大人,女性,生還
2等,大人,女性,生還
2等,大人,女性,生還
2等,大人,女性,生還
2等,大人,女性,生還
2等,大人,女性,生還
2等,大人,女性,生還
2等,大人,女性,生還
2等,大人,女性,生還
2等,大人,女性,生還
2等,大人,女性,生還
2等,大人,女性,生還
2等,大人,女性,生還
2等,大人,女性,生還
2等,大人,女性,生還
2等,大人,女性,生還
2等,大人,女性,生還
2等,大人,女性,生還
2等,大人,女性,生還
2等,大人,女性,生還
2等,大人,女性,生還
2等,大人,女性,生還
2等,大人,女性,生還
2等,大人,女性,生還
2等,大人,女性,生還
2等,大人,女性,生還
2等,大人,女性,生還
2等,大人,女性,生還
2等,大人,女性,生還
2等,大人,女性,生還
2等,大人,女性,生還
2等,大人,女性,生還
2等,大人,女性,生還
2等,大人,女性,生還
2等,大人,女性,生還
2等,大人,女性,生還
2等,大人,女性,生還
2等,大人,女性,生還
2等,大人,女性,生還
2等,大人,女性,生還
2等,大人,女性,生還
2等,大人,女性,生還
2等,大人,女性,生還
2等,大人,女性,生還
2等,大人,女性,生還
2等,大人,女性,生還
2等,大人,女性,生還
2等,大人,女性,生還
2等,大人,女性,生還
2等,大人,女性,生還
2等,大人,女性,生還
2等,大人,女性,生還
2等,大人,女性,生還
2等,大人,女性,生還
2等,大人,女性,生還
2等,大人,女性,生還
2等,大人,女性,生還
2等,大人,女性,生還
2等,大人,女性,生還
2等,大人,女性,生還
2等,大人,女性,生還
2等,大人,女性,生還
2等,大人,女性,生還
2等,大人,女性,生還
2等,大人,女性,生還
2等,大人,女性,生還
2等,大人,女性,生還
2等,大人,女性,生還
2等,大人,女性,生還
2等,大人,女性,生還
2等,大人,女性,生還
2等,大人,女性,死亡
2等,大人,女性,死亡
2等,大人,女性,死亡
2等,大人,女性,死亡
2等,大人,女性,死亡
2等,大人,女性,死亡
2等,大人,女性,死亡
2等,大人,女性,死亡
2等,大人,女性,死亡
2等,大人,女性,死亡
2等,大人,女性,死亡
2等,大人,女性,死亡
2等,大人,女性,死亡
2等,子ども,男性,生還
2等,子ども,男性,生還
2等,子ども,男性,生還
2等,子ども,男性,生還
2等,子ども,男性,生還
2等,子ども,男性,生還
2等,子ども,男性,生還
2等,子ども,男性,生還
2等,子ども,男性,生還
2等,子ども,男性,生還
2等,子ども,男性,生還
2等,子ども,女性,生還
2等,子ども,女性,生還
2等,子ども,女性,生還
2等,子ども,女性,生還
2等,子ども,女性,生還
2等,子ども,女性,生還
2等,子ども,女性,生還
2等,子ども,女性,生還
2等,子ども,女性,生還
2等,子ども,女性,生還
2等,子ども,女性,生還
2等,子ども,女性,生還
2等,子ども,女性,生還
3等,大人,男性,生還
3等,大人,男性,生還
3等,大人,男性,生還
3等,大人,男性,生還
3等,大人,男性,生還
3等,大人,男性,生還
3等,大人,男性,生還
3等,大人,男性,生還
3等,大人,男性,生還
3等,大人,男性,生還
3等,大人,男性,生還
3等,大人,男性,生還
3等,大人,男性,生還
3等,大人,男性,生還
3等,大人,男性,生還
3等,大人,男性,生還
3等,大人,男性,生還
3等,大人,男性,生還
3等,大人,男性,生還
3等,大人,男性,生還
3等,大人,男性,生還
3等,大人,男性,生還
3等,大人,男性,生還
3等,大人,男性,生還
3等,大人,男性,生還
3等,大人,男性,生還
3等,大人,男性,生還
3等,大人,男性,生還
3等,大人,男性,生還
3等,大人,男性,生還
3等,大人,男性,生還
3等,大人,男性,生還
3等,大人,男性,生還
3等,大人,男性,生還
3等,大人,男性,生還
3等,大人,男性,生還
3等,大人,男性,生還
3等,大人,男性,生還
3等,大人,男性,生還
3等,大人,男性,生還
3等,大人,男性,生還
3等,大人,男性,生還
3等,大人,男性,生還
3等,大人,男性,生還
3等,大人,男性,生還
3等,大人,男性,生還
3等,大人,男性,生還
3等,大人,男性,生還
3等,大人,男性,生還
3等,大人,男性,生還
3等,大人,男性,生還
3等,大人,男性,生還
3等,大人,男性,生還
3等,大人,男性,生還
3等,大人,男性,生還
3等,大人,男性,生還
3等,大人,男性,生還
3等,大人,男性,生還
3等,大人,男性,生還
3等,大人,男性,生還
3等,大人,男性,生還
3等,大人,男性,生還
3等,大人,男性,生還
3等,大人,男性,生還
3等,大人,男性,生還
3等,大人,男性,生還
3等,大人,男性,生還
3等,大人,男性,生還
3等,大人,男性,生還
3等,大人,男性,生還
3等,大人,男性,生還
3等,大人,男性,生還
3等,大人,男性,生還
3等,大人,男性,生還
3等,大人,男性,生還
3等,大人,男性,死亡
3等,大人,男性,死亡
3等,大人,男性,死亡
3等,大人,男性,死亡
3等,大人,男性,死亡
3等,大人,男性,死亡
3等,大人,男性,死亡
3等,大人,男性,死亡
3等,大人,男性,死亡
3等,大人,男性,死亡
3等,大人,男性,死亡
3等,大人,男性,死亡
3等,大人,男性,死亡
3等,大人,男性,死亡
3等,大人,男性,死亡
3等,大人,男性,死亡
3等,大人,男性,死亡
3等,大人,男性,死亡
3等,大人,男性,死亡
3等,大人,男性,死亡
3等,大人,男性,死亡
3等,大人,男性,死亡
3等,大人,男性,死亡
3等,大人,男性,死亡
3等,大人,男性,死亡
3等,大人,男性,死亡
3等,大人,男性,死亡
3等,大人,男性,死亡
3等,大人,男性,死亡
3等,大人,男性,死亡
3等,大人,男性,死亡
3等,大人,男性,死亡
3等,大人,男性,死亡
3等,大人,男性,死亡
3等,大人,男性,死亡
3等,大人,男性,死亡
3等,大人,男性,死亡
3等,大人,男性,死亡
3等,大人,男性,死亡
3等,大人,男性,死亡
3等,大人,男性,死亡
3等,大人,男性,死亡
3等,大人,男性,死亡
3等,大人,男性,死亡
3等,大人,男性,死亡
3等,大人,男性,死亡
3等,大人,男性,死亡
3等,大人,男性,死亡
3等,大人,男性,死亡
3等,大人,男性,死亡
3等,大人,男性,死亡
3等,大人,男性,死亡
3等,大人,男性,死亡
3等,大人,男性,死亡
3等,大人,男性,死亡
3等,大人,男性,死亡
3等,大人,男性,死亡
3等,大人,男性,死亡
3等,大人,男性,死亡
3等,大人,男性,死亡
3等,大人,男性,死亡
3等,大人,男性,死亡
3等,大人,男性,死亡
3等,大人,男性,死亡
3等,大人,男性,死亡
3等,大人,男性,死亡
3等,大人,男性,死亡
3等,大人,男性,死亡
3等,大人,男性,死亡
3等,大人,男性,死亡
3等,大人,男性,死亡
3等,大人,男性,死亡
3等,大人,男性,死亡
3等,大人,男性,死亡
3等,大人,男性,死亡
3等,大人,男性,死亡
3等,大人,男性,死亡
3等,大人,男性,死亡
3等,大人,男性,死亡
3等,大人,男性,死亡
3等,大人,男性,死亡
3等,大人,男性,死亡
3等,大人,男性,死亡
3等,大人,男性,死亡
3等,大人,男性,死亡
3等,大人,男性,死亡
3等,大人,男性,死亡
3等,大人,男性,死亡
3等,大人,男性,死亡
3等,大人,男性,死亡
3等,大人,男性,死亡
3等,大人,男性,死亡
3等,大人,男性,死亡
3等,大人,男性,死亡
3等,大人,男性,死亡
3等,大人,男性,死亡
3等,大人,男性,死亡
3等,大人,男性,死亡
3等,大人,男性,死亡
3等,大人,男性,死亡
3等,大人,男性,死亡
3等,大人,男性,死亡
3等,大人,男性,死亡
3等,大人,男性,死亡
3等,大人,男性,死亡
3等,大人,男性,死亡
3等,大人,男性,死亡
3等,大人,男性,死亡
3等,大人,男性,死亡
3等,大人,男性,死亡
3等,大人,男性,死亡
3等,大人,男性,死亡
3等,大人,男性,死亡
3等,大人,男性,死亡
3等,大人,男性,死亡
3等,大人,男性,死亡
3等,大人,男性,死亡
3等,大人,男性,死亡
3等,大人,男性,死亡
3等,大人,男性,死亡
3等,大人,男性,死亡
3等,大人,男性,死亡
3等,大人,男性,死亡
3等,大人,男性,死亡
3等,大人,男性,死亡
3等,大人,男性,死亡
3等,大人,男性,死亡
3等,大人,男性,死亡
3等,大人,男性,死亡
3等,大人,男性,死亡
3等,大人,男性,死亡
3等,大人,男性,死亡
3等,大人,男性,死亡
3等,大人,男性,死亡
3等,大人,男性,死亡
3等,大人,男性,死亡
3等,大人,男性,死亡
3等,大人,男性,死亡
3等,大人,男性,死亡
3等,大人,男性,死亡
3等,大人,男性,死亡
3等,大人,男性,死亡
3等,大人,男性,死亡
3等,大人,男性,死亡
3等,大人,男性,死亡
3等,大人,男性,死亡
3等,大人,男性,死亡
3等,大人,男性,死亡
3等,大人,男性,死亡
3等,大人,男性,死亡
3等,大人,男性,死亡
3等,大人,男性,死亡
3等,大人,男性,死亡
3等,大人,男性,死亡
3等,大人,男性,死亡
3等,大人,男性,死亡
3等,大人,男性,死亡
3等,大人,男性,死亡
3等,大人,男性,死亡
3等,大人,男性,死亡
3等,大人,男性,死亡
3等,大人,男性,死亡
3等,大人,男性,死亡
3等,大人,男性,死亡
3等,大人,男性,死亡
3等,大人,男性,死亡
3等,大人,男性,死亡
3等,大人,男性,死亡
3等,大人,男性,死亡
3等,大人,男性,死亡
3等,大人,男性,死亡
3等,大人,男性,死亡
3等,大人,男性,死亡
3等,大人,男性,死亡
3等,大人,男性,死亡
3等,大人,男性,死亡
3等,大人,男性,死亡
3等,大人,男性,死亡
3等,大人,男性,死亡
3等,大人,男性,死亡
3等,大人,男性,死亡
3等,大人,男性,死亡
3等,大人,男性,死亡
3等,大人,男性,死亡
3等,大人,男性,死亡
3等,大人,男性,死亡
3等,大人,男性,死亡
3等,大人,男性,死亡
3等,大人,男性,死亡
3等,大人,男性,死亡
3等,大人,男性,死亡
3等,大人,男性,死亡
3等,大人,男性,死亡
3等,大人,男性,死亡
3等,大人,男性,死亡
3等,大人,男性,死亡
3等,大人,男性,死亡
3等,大人,男性,死亡
3等,大人,男性,死亡
3等,大人,男性,死亡
3等,大人,男性,死亡
3等,大人,男性,死亡
3等,大人,男性,死亡
3等,大人,男性,死亡
3等,大人,男性,死亡
3等,大人,男性,死亡
3等,大人,男性,死亡
3等,大人,男性,死亡
3等,大人,男性,死亡
3等,大人,男性,死亡
3等,大人,男性,死亡
3等,大人,男性,死亡
3等,大人,男性,死亡
3等,大人,男性,死亡
3等,大人,男性,死亡
3等,大人,男性,死亡
3等,大人,男性,死亡
3等,大人,男性,死亡
3等,大人,男性,死亡
3等,大人,男性,死亡
3等,大人,男性,死亡
3等,大人,男性,死亡
3等,大人,男性,死亡
3等,大人,男性,死亡
3等,大人,男性,死亡
3等,大人,男性,死亡
3等,大人,男性,死亡
3等,大人,男性,死亡
3等,大人,男性,死亡
3等,大人,男性,死亡
3等,大人,男性,死亡
3等,大人,男性,死亡
3等,大人,男性,死亡
3等,大人,男性,死亡
3等,大人,男性,死亡
3等,大人,男性,死亡
3等,大人,男性,死亡
3等,大人,男性,死亡
3等,大人,男性,死亡
3等,大人,男性,死亡
3等,大人,男性,死亡
3等,大人,男性,死亡
3等,大人,男性,死亡
3等,大人,男性,死亡
3等,大人,男性,死亡
3等,大人,男性,死亡
3等,大人,男性,死亡
3等,大人,男性,死亡
3等,大人,男性,死亡
3等,大人,男性,死亡
3等,大人,男性,死亡
3等,大人,男性,死亡
3等,大人,男性,死亡
3等,大人,男性,死亡
3等,大人,男性,死亡
3等,大人,男性,死亡
3等,大人,男性,死亡
3等,大人,男性,死亡
3等,大人,男性,死亡
3等,大人,男性,死亡
3等,大人,男性,死亡
3等,大人,男性,死亡
3等,大人,男性,死亡
3等,大人,男性,死亡
3等,大人,男性,死亡
3等,大人,男性,死亡
3等,大人,男性,死亡
3等,大人,男性,死亡
3等,大人,男性,死亡
3等,大人,男性,死亡
3等,大人,男性,死亡
3等,大人,男性,死亡
3等,大人,男性,死亡
3等,大人,男性,死亡
3等,大人,男性,死亡
3等,大人,男性,死亡
3等,大人,男性,死亡
3等,大人,男性,死亡
3等,大人,男性,死亡
3等,大人,男性,死亡
3等,大人,男性,死亡
3等,大人,男性,死亡
3等,大人,男性,死亡
3等,大人,男性,死亡
3等,大人,男性,死亡
3等,大人,男性,死亡
3等,大人,男性,死亡
3等,大人,男性,死亡
3等,大人,男性,死亡
3等,大人,男性,死亡
3等,大人,男性,死亡
3等,大人,男性,死亡
3等,大人,男性,死亡
3等,大人,男性,死亡
3等,大人,男性,死亡
3等,大人,男性,死亡
3等,大人,男性,死亡
3等,大人,男性,死亡
3等,大人,男性,死亡
3等,大人,男性,死亡
3等,大人,男性,死亡
3等,大人,男性,死亡
3等,大人,男性,死亡
3等,大人,男性,死亡
3等,大人,男性,死亡
3等,大人,男性,死亡
3等,大人,男性,死亡
3等,大人,男性,死亡
3等,大人,男性,死亡
3等,大人,男性,死亡
3等,大人,男性,死亡
3等,大人,男性,死亡
3等,大人,男性,死亡
3等,大人,男性,死亡
3等,大人,男性,死亡
3等,大人,男性,死亡
3等,大人,男性,死亡
3等,大人,男性,死亡
3等,大人,男性,死亡
3等,大人,男性,死亡
3等,大人,男性,死亡
3等,大人,男性,死亡
3等,大人,男性,死亡
3等,大人,男性,死亡
3等,大人,男性,死亡
3等,大人,男性,死亡
3等,大人,男性,死亡
3等,大人,男性,死亡
3等,大人,男性,死亡
3等,大人,男性,死亡
3等,大人,男性,死亡
3等,大人,男性,死亡
3等,大人,男性,死亡
3等,大人,男性,死亡
3等,大人,男性,死亡
3等,大人,男性,死亡
3等,大人,男性,死亡
3等,大人,男性,死亡
3等,大人,男性,死亡
3等,大人,男性,死亡
3等,大人,男性,死亡
3等,大人,男性,死亡
3等,大人,男性,死亡
3等,大人,男性,死亡
3等,大人,男性,死亡
3等,大人,男性,死亡
3等,大人,男性,死亡
3等,大人,男性,死亡
3等,大人,男性,死亡
3等,大人,男性,死亡
3等,大人,男性,死亡
3等,大人,男性,死亡
3等,大人,男性,死亡
3等,大人,男性,死亡
3等,大人,男性,死亡
3等,大人,男性,死亡
3等,大人,男性,死亡
3等,大人,男性,死亡
3等,大人,男性,死亡
3等,大人,男性,死亡
3等,大人,男性,死亡
3等,大人,男性,死亡
3等,大人,男性,死亡
3等,大人,男性,死亡
3等,大人,男性,死亡
3等,大人,男性,死亡
3等,大人,男性,死亡
3等,大人,男性,死亡
3等,大人,男性,死亡
3等,大人,男性,死亡
3等,大人,男性,死亡
3等,大人,男性,死亡
3等,大人,男性,死亡
3等,大人,男性,死亡
3等,大人,男性,死亡
3等,大人,男性,死亡
3等,大人,男性,死亡
3等,大人,男性,死亡
3等,大人,男性,死亡
3等,大人,男性,死亡
3等,大人,男性,死亡
3等,大人,男性,死亡
3等,大人,男性,死亡
3等,大人,男性,死亡
3等,大人,男性,死亡
3等,大人,男性,死亡
3等,大人,男性,死亡
3等,大人,女性,生還
3等,大人,女性,生還
3等,大人,女性,生還
3等,大人,女性,生還
3等,大人,女性,生還
3等,大人,女性,生還
3等,大人,女性,生還
3等,大人,女性,生還
3等,大人,女性,生還
3等,大人,女性,生還
3等,大人,女性,生還
3等,大人,女性,生還
3等,大人,女性,生還
3等,大人,女性,生還
3等,大人,女性,生還
3等,大人,女性,生還
3等,大人,女性,生還
3等,大人,女性,生還
3等,大人,女性,生還
3等,大人,女性,生還
3等,大人,女性,生還
3等,大人,女性,生還
3等,大人,女性,生還
3等,大人,女性,生還
3等,大人,女性,生還
3等,大人,女性,生還
3等,大人,女性,生還
3等,大人,女性,生還
3等,大人,女性,生還
3等,大人,女性,生還
3等,大人,女性,生還
3等,大人,女性,生還
3等,大人,女性,生還
3等,大人,女性,生還
3等,大人,女性,生還
3等,大人,女性,生還
3等,大人,女性,生還
3等,大人,女性,生還
3等,大人,女性,生還
3等,大人,女性,生還
3等,大人,女性,生還
3等,大人,女性,生還
3等,大人,女性,生還
3等,大人,女性,生還
3等,大人,女性,生還
3等,大人,女性,生還
3等,大人,女性,生還
3等,大人,女性,生還
3等,大人,女性,生還
3等,大人,女性,生還
3等,大人,女性,生還
3等,大人,女性,生還
3等,大人,女性,生還
3等,大人,女性,生還
3等,大人,女性,生還
3等,大人,女性,生還
3等,大人,女性,生還
3等,大人,女性,生還
3等,大人,女性,生還
3等,大人,女性,生還
3等,大人,女性,生還
3等,大人,女性,生還
3等,大人,女性,生還
3等,大人,女性,生還
3等,大人,女性,生還
3等,大人,女性,生還
3等,大人,女性,生還
3等,大人,女性,生還
3等,大人,女性,生還
3等,大人,女性,生還
3等,大人,女性,生還
3等,大人,女性,生還
3等,大人,女性,生還
3等,大人,女性,生還
3等,大人,女性,生還
3等,大人,女性,生還
3等,大人,女性,死亡
3等,大人,女性,死亡
3等,大人,女性,死亡
3等,大人,女性,死亡
3等,大人,女性,死亡
3等,大人,女性,死亡
3等,大人,女性,死亡
3等,大人,女性,死亡
3等,大人,女性,死亡
3等,大人,女性,死亡
3等,大人,女性,死亡
3等,大人,女性,死亡
3等,大人,女性,死亡
3等,大人,女性,死亡
3等,大人,女性,死亡
3等,大人,女性,死亡
3等,大人,女性,死亡
3等,大人,女性,死亡
3等,大人,女性,死亡
3等,大人,女性,死亡
3等,大人,女性,死亡
3等,大人,女性,死亡
3等,大人,女性,死亡
3等,大人,女性,死亡
3等,大人,女性,死亡
3等,大人,女性,死亡
3等,大人,女性,死亡
3等,大人,女性,死亡
3等,大人,女性,死亡
3等,大人,女性,死亡
3等,大人,女性,死亡
3等,大人,女性,死亡
3等,大人,女性,死亡
3等,大人,女性,死亡
3等,大人,女性,死亡
3等,大人,女性,死亡
3等,大人,女性,死亡
3等,大人,女性,死亡
3等,大人,女性,死亡
3等,大人,女性,死亡
3等,大人,女性,死亡
3等,大人,女性,死亡
3等,大人,女性,死亡
3等,大人,女性,死亡
3等,大人,女性,死亡
3等,大人,女性,死亡
3等,大人,女性,死亡
3等,大人,女性,死亡
3等,大人,女性,死亡
3等,大人,女性,死亡
3等,大人,女性,死亡
3等,大人,女性,死亡
3等,大人,女性,死亡
3等,大人,女性,死亡
3等,大人,女性,死亡
3等,大人,女性,死亡
3等,大人,女性,死亡
3等,大人,女性,死亡
3等,大人,女性,死亡
3等,大人,女性,死亡
3等,大人,女性,死亡
3等,大人,女性,死亡
3等,大人,女性,死亡
3等,大人,女性,死亡
3等,大人,女性,死亡
3等,大人,女性,死亡
3等,大人,女性,死亡
3等,大人,女性,死亡
3等,大人,女性,死亡
3等,大人,女性,死亡
3等,大人,女性,死亡
3等,大人,女性,死亡
3等,大人,女性,死亡
3等,大人,女性,死亡
3等,大人,女性,死亡
3等,大人,女性,死亡
3等,大人,女性,死亡
3等,大人,女性,死亡
3等,大人,女性,死亡
3等,大人,女性,死亡
3等,大人,女性,死亡
3等,大人,女性,死亡
3等,大人,女性,死亡
3等,大人,女性,死亡
3等,大人,女性,死亡
3等,大人,女性,死亡
3等,大人,女性,死亡
3等,大人,女性,死亡
3等,大人,女性,死亡
3等,子ども,男性,生還
3等,子ども,男性,生還
3等,子ども,男性,生還
3等,子ども,男性,生還
3等,子ども,男性,生還
3等,子ども,男性,生還
3等,子ども,男性,生還
3等,子ども,男性,生還
3等,子ども,男性,生還
3等,子ども,男性,生還
3等,子ども,男性,生還
3等,子ども,男性,生還
3等,子ども,男性,生還
3等,子ども,男性,死亡
3等,子ども,男性,死亡
3等,子ども,男性,死亡
3等,子ども,男性,死亡
3等,子ども,男性,死亡
3等,子ども,男性,死亡
3等,子ども,男性,死亡
3等,子ども,男性,死亡
3等,子ども,男性,死亡
3等,子ども,男性,死亡
3等,子ども,男性,死亡
3等,子ども,男性,死亡
3等,子ども,男性,死亡
3等,子ども,男性,死亡
3等,子ども,男性,死亡
3等,子ども,男性,死亡
3等,子ども,男性,死亡
3等,子ども,男性,死亡
3等,子ども,男性,死亡
3等,子ども,男性,死亡
3等,子ども,男性,死亡
3等,子ども,男性,死亡
3等,子ども,男性,死亡
3等,子ども,男性,死亡
3等,子ども,男性,死亡
3等,子ども,男性,死亡
3等,子ども,男性,死亡
3等,子ども,男性,死亡
3等,子ども,男性,死亡
3等,子ども,男性,死亡
3等,子ども,男性,死亡
3等,子ども,男性,死亡
3等,子ども,男性,死亡
3等,子ども,男性,死亡
3等,子ども,男性,死亡
3等,子ども,女性,生還
3等,子ども,女性,生還
3等,子ども,女性,生還
3等,子ども,女性,生還
3等,子ども,女性,生還
3等,子ども,女性,生還
3等,子ども,女性,生還
3等,子ども,女性,生還
3等,子ども,女性,生還
3等,子ども,女性,生還
3等,子ども,女性,生還
3等,子ども,女性,生還
3等,子ども,女性,生還
3等,子ども,女性,生還
3等,子ども,女性,死亡
3等,子ども,女性,死亡
3等,子ども,女性,死亡
3等,子ども,女性,死亡
3等,子ども,女性,死亡
3等,子ども,女性,死亡
3等,子ども,女性,死亡
3等,子ども,女性,死亡
3等,子ども,女性,死亡
3等,子ども,女性,死亡
3等,子ども,女性,死亡
3等,子ども,女性,死亡
3等,子ども,女性,死亡
3等,子ども,女性,死亡
3等,子ども,女性,死亡
3等,子ども,女性,死亡
3等,子ども,女性,死亡
乗務員,大人,男性,生還
乗務員,大人,男性,生還
乗務員,大人,男性,生還
乗務員,大人,男性,生還
乗務員,大人,男性,生還
乗務員,大人,男性,生還
乗務員,大人,男性,生還
乗務員,大人,男性,生還
乗務員,大人,男性,生還
乗務員,大人,男性,生還
乗務員,大人,男性,生還
乗務員,大人,男性,生還
乗務員,大人,男性,生還
乗務員,大人,男性,生還
乗務員,大人,男性,生還
乗務員,大人,男性,生還
乗務員,大人,男性,生還
乗務員,大人,男性,生還
乗務員,大人,男性,生還
乗務員,大人,男性,生還
乗務員,大人,男性,生還
乗務員,大人,男性,生還
乗務員,大人,男性,生還
乗務員,大人,男性,生還
乗務員,大人,男性,生還
乗務員,大人,男性,生還
乗務員,大人,男性,生還
乗務員,大人,男性,生還
乗務員,大人,男性,生還
乗務員,大人,男性,生還
乗務員,大人,男性,生還
乗務員,大人,男性,生還
乗務員,大人,男性,生還
乗務員,大人,男性,生還
乗務員,大人,男性,生還
乗務員,大人,男性,生還
乗務員,大人,男性,生還
乗務員,大人,男性,生還
乗務員,大人,男性,生還
乗務員,大人,男性,生還
乗務員,大人,男性,生還
乗務員,大人,男性,生還
乗務員,大人,男性,生還
乗務員,大人,男性,生還
乗務員,大人,男性,生還
乗務員,大人,男性,生還
乗務員,大人,男性,生還
乗務員,大人,男性,生還
乗務員,大人,男性,生還
乗務員,大人,男性,生還
乗務員,大人,男性,生還
乗務員,大人,男性,生還
乗務員,大人,男性,生還
乗務員,大人,男性,生還
乗務員,大人,男性,生還
乗務員,大人,男性,生還
乗務員,大人,男性,生還
乗務員,大人,男性,生還
乗務員,大人,男性,生還
乗務員,大人,男性,生還
乗務員,大人,男性,生還
乗務員,大人,男性,生還
乗務員,大人,男性,生還
乗務員,大人,男性,生還
乗務員,大人,男性,生還
乗務員,大人,男性,生還
乗務員,大人,男性,生還
乗務員,大人,男性,生還
乗務員,大人,男性,生還
乗務員,大人,男性,生還
乗務員,大人,男性,生還
乗務員,大人,男性,生還
乗務員,大人,男性,生還
乗務員,大人,男性,生還
乗務員,大人,男性,生還
乗務員,大人,男性,生還
乗務員,大人,男性,生還
乗務員,大人,男性,生還
乗務員,大人,男性,生還
乗務員,大人,男性,生還
乗務員,大人,男性,生還
乗務員,大人,男性,生還
乗務員,大人,男性,生還
乗務員,大人,男性,生還
乗務員,大人,男性,生還
乗務員,大人,男性,生還
乗務員,大人,男性,生還
乗務員,大人,男性,生還
乗務員,大人,男性,生還
乗務員,大人,男性,生還
乗務員,大人,男性,生還
乗務員,大人,男性,生還
乗務員,大人,男性,生還
乗務員,大人,男性,生還
乗務員,大人,男性,生還
乗務員,大人,男性,生還
乗務員,大人,男性,生還
乗務員,大人,男性,生還
乗務員,大人,男性,生還
乗務員,大人,男性,生還
乗務員,大人,男性,生還
乗務員,大人,男性,生還
乗務員,大人,男性,生還
乗務員,大人,男性,生還
乗務員,大人,男性,生還
乗務員,大人,男性,生還
乗務員,大人,男性,生還
乗務員,大人,男性,生還
乗務員,大人,男性,生還
乗務員,大人,男性,生還
乗務員,大人,男性,生還
乗務員,大人,男性,生還
乗務員,大人,男性,生還
乗務員,大人,男性,生還
乗務員,大人,男性,生還
乗務員,大人,男性,生還
乗務員,大人,男性,生還
乗務員,大人,男性,生還
乗務員,大人,男性,生還
乗務員,大人,男性,生還
乗務員,大人,男性,生還
乗務員,大人,男性,生還
乗務員,大人,男性,生還
乗務員,大人,男性,生還
乗務員,大人,男性,生還
乗務員,大人,男性,生還
乗務員,大人,男性,生還
乗務員,大人,男性,生還
乗務員,大人,男性,生還
乗務員,大人,男性,生還
乗務員,大人,男性,生還
乗務員,大人,男性,生還
乗務員,大人,男性,生還
乗務員,大人,男性,生還
乗務員,大人,男性,生還
乗務員,大人,男性,生還
乗務員,大人,男性,生還
乗務員,大人,男性,生還
乗務員,大人,男性,生還
乗務員,大人,男性,生還
乗務員,大人,男性,生還
乗務員,大人,男性,生還
乗務員,大人,男性,生還
乗務員,大人,男性,生還
乗務員,大人,男性,生還
乗務員,大人,男性,生還
乗務員,大人,男性,生還
乗務員,大人,男性,生還
乗務員,大人,男性,生還
乗務員,大人,男性,生還
乗務員,大人,男性,生還
乗務員,大人,男性,生還
乗務員,大人,男性,生還
乗務員,大人,男性,生還
乗務員,大人,男性,生還
乗務員,大人,男性,生還
乗務員,大人,男性,生還
乗務員,大人,男性,生還
乗務員,大人,男性,生還
乗務員,大人,男性,生還
乗務員,大人,男性,生還
乗務員,大人,男性,生還
乗務員,大人,男性,生還
乗務員,大人,男性,生還
乗務員,大人,男性,生還
乗務員,大人,男性,生還
乗務員,大人,男性,生還
乗務員,大人,男性,生還
乗務員,大人,男性,生還
乗務員,大人,男性,生還
乗務員,大人,男性,生還
乗務員,大人,男性,生還
乗務員,大人,男性,生還
乗務員,大人,男性,生還
乗務員,大人,男性,生還
乗務員,大人,男性,生還
乗務員,大人,男性,生還
乗務員,大人,男性,生還
乗務員,大人,男性,生還
乗務員,大人,男性,生還
乗務員,大人,男性,生還
乗務員,大人,男性,生還
乗務員,大人,男性,生還
乗務員,大人,男性,生還
乗務員,大人,男性,生還
乗務員,大人,男性,生還
乗務員,大人,男性,生還
乗務員,大人,男性,生還
乗務員,大人,男性,生還
乗務員,大人,男性,生還
乗務員,大人,男性,生還
乗務員,大人,男性,生還
乗務員,大人,男性,死亡
乗務員,大人,男性,死亡
乗務員,大人,男性,死亡
乗務員,大人,男性,死亡
乗務員,大人,男性,死亡
乗務員,大人,男性,死亡
乗務員,大人,男性,死亡
乗務員,大人,男性,死亡
乗務員,大人,男性,死亡
乗務員,大人,男性,死亡
乗務員,大人,男性,死亡
乗務員,大人,男性,死亡
乗務員,大人,男性,死亡
乗務員,大人,男性,死亡
乗務員,大人,男性,死亡
乗務員,大人,男性,死亡
乗務員,大人,男性,死亡
乗務員,大人,男性,死亡
乗務員,大人,男性,死亡
乗務員,大人,男性,死亡
乗務員,大人,男性,死亡
乗務員,大人,男性,死亡
乗務員,大人,男性,死亡
乗務員,大人,男性,死亡
乗務員,大人,男性,死亡
乗務員,大人,男性,死亡
乗務員,大人,男性,死亡
乗務員,大人,男性,死亡
乗務員,大人,男性,死亡
乗務員,大人,男性,死亡
乗務員,大人,男性,死亡
乗務員,大人,男性,死亡
乗務員,大人,男性,死亡
乗務員,大人,男性,死亡
乗務員,大人,男性,死亡
乗務員,大人,男性,死亡
乗務員,大人,男性,死亡
乗務員,大人,男性,死亡
乗務員,大人,男性,死亡
乗務員,大人,男性,死亡
乗務員,大人,男性,死亡
乗務員,大人,男性,死亡
乗務員,大人,男性,死亡
乗務員,大人,男性,死亡
乗務員,大人,男性,死亡
乗務員,大人,男性,死亡
乗務員,大人,男性,死亡
乗務員,大人,男性,死亡
乗務員,大人,男性,死亡
乗務員,大人,男性,死亡
乗務員,大人,男性,死亡
乗務員,大人,男性,死亡
乗務員,大人,男性,死亡
乗務員,大人,男性,死亡
乗務員,大人,男性,死亡
乗務員,大人,男性,死亡
乗務員,大人,男性,死亡
乗務員,大人,男性,死亡
乗務員,大人,男性,死亡
乗務員,大人,男性,死亡
乗務員,大人,男性,死亡
乗務員,大人,男性,死亡
乗務員,大人,男性,死亡
乗務員,大人,男性,死亡
乗務員,大人,男性,死亡
乗務員,大人,男性,死亡
乗務員,大人,男性,死亡
乗務員,大人,男性,死亡
乗務員,大人,男性,死亡
乗務員,大人,男性,死亡
乗務員,大人,男性,死亡
乗務員,大人,男性,死亡
乗務員,大人,男性,死亡
乗務員,大人,男性,死亡
乗務員,大人,男性,死亡
乗務員,大人,男性,死亡
乗務員,大人,男性,死亡
乗務員,大人,男性,死亡
乗務員,大人,男性,死亡
乗務員,大人,男性,死亡
乗務員,大人,男性,死亡
乗務員,大人,男性,死亡
乗務員,大人,男性,死亡
乗務員,大人,男性,死亡
乗務員,大人,男性,死亡
乗務員,大人,男性,死亡
乗務員,大人,男性,死亡
乗務員,大人,男性,死亡
乗務員,大人,男性,死亡
乗務員,大人,男性,死亡
乗務員,大人,男性,死亡
乗務員,大人,男性,死亡
乗務員,大人,男性,死亡
乗務員,大人,男性,死亡
乗務員,大人,男性,死亡
乗務員,大人,男性,死亡
乗務員,大人,男性,死亡
乗務員,大人,男性,死亡
乗務員,大人,男性,死亡
乗務員,大人,男性,死亡
乗務員,大人,男性,死亡
乗務員,大人,男性,死亡
乗務員,大人,男性,死亡
乗務員,大人,男性,死亡
乗務員,大人,男性,死亡
乗務員,大人,男性,死亡
乗務員,大人,男性,死亡
乗務員,大人,男性,死亡
乗務員,大人,男性,死亡
乗務員,大人,男性,死亡
乗務員,大人,男性,死亡
乗務員,大人,男性,死亡
乗務員,大人,男性,死亡
乗務員,大人,男性,死亡
乗務員,大人,男性,死亡
乗務員,大人,男性,死亡
乗務員,大人,男性,死亡
乗務員,大人,男性,死亡
乗務員,大人,男性,死亡
乗務員,大人,男性,死亡
乗務員,大人,男性,死亡
乗務員,大人,男性,死亡
乗務員,大人,男性,死亡
乗務員,大人,男性,死亡
乗務員,大人,男性,死亡
乗務員,大人,男性,死亡
乗務員,大人,男性,死亡
乗務員,大人,男性,死亡
乗務員,大人,男性,死亡
乗務員,大人,男性,死亡
乗務員,大人,男性,死亡
乗務員,大人,男性,死亡
乗務員,大人,男性,死亡
乗務員,大人,男性,死亡
乗務員,大人,男性,死亡
乗務員,大人,男性,死亡
乗務員,大人,男性,死亡
乗務員,大人,男性,死亡
乗務員,大人,男性,死亡
乗務員,大人,男性,死亡
乗務員,大人,男性,死亡
乗務員,大人,男性,死亡
乗務員,大人,男性,死亡
乗務員,大人,男性,死亡
乗務員,大人,男性,死亡
乗務員,大人,男性,死亡
乗務員,大人,男性,死亡
乗務員,大人,男性,死亡
乗務員,大人,男性,死亡
乗務員,大人,男性,死亡
乗務員,大人,男性,死亡
乗務員,大人,男性,死亡
乗務員,大人,男性,死亡
乗務員,大人,男性,死亡
乗務員,大人,男性,死亡
乗務員,大人,男性,死亡
乗務員,大人,男性,死亡
乗務員,大人,男性,死亡
乗務員,大人,男性,死亡
乗務員,大人,男性,死亡
乗務員,大人,男性,死亡
乗務員,大人,男性,死亡
乗務員,大人,男性,死亡
乗務員,大人,男性,死亡
乗務員,大人,男性,死亡
乗務員,大人,男性,死亡
乗務員,大人,男性,死亡
乗務員,大人,男性,死亡
乗務員,大人,男性,死亡
乗務員,大人,男性,死亡
乗務員,大人,男性,死亡
乗務員,大人,男性,死亡
乗務員,大人,男性,死亡
乗務員,大人,男性,死亡
乗務員,大人,男性,死亡
乗務員,大人,男性,死亡
乗務員,大人,男性,死亡
乗務員,大人,男性,死亡
乗務員,大人,男性,死亡
乗務員,大人,男性,死亡
乗務員,大人,男性,死亡
乗務員,大人,男性,死亡
乗務員,大人,男性,死亡
乗務員,大人,男性,死亡
乗務員,大人,男性,死亡
乗務員,大人,男性,死亡
乗務員,大人,男性,死亡
乗務員,大人,男性,死亡
乗務員,大人,男性,死亡
乗務員,大人,男性,死亡
乗務員,大人,男性,死亡
乗務員,大人,男性,死亡
乗務員,大人,男性,死亡
乗務員,大人,男性,死亡
乗務員,大人,男性,死亡
乗務員,大人,男性,死亡
乗務員,大人,男性,死亡
乗務員,大人,男性,死亡
乗務員,大人,男性,死亡
乗務員,大人,男性,死亡
乗務員,大人,男性,死亡
乗務員,大人,男性,死亡
乗務員,大人,男性,死亡
乗務員,大人,男性,死亡
乗務員,大人,男性,死亡
乗務員,大人,男性,死亡
乗務員,大人,男性,死亡
乗務員,大人,男性,死亡
乗務員,大人,男性,死亡
乗務員,大人,男性,死亡
乗務員,大人,男性,死亡
乗務員,大人,男性,死亡
乗務員,大人,男性,死亡
乗務員,大人,男性,死亡
乗務員,大人,男性,死亡
乗務員,大人,男性,死亡
乗務員,大人,男性,死亡
乗務員,大人,男性,死亡
乗務員,大人,男性,死亡
乗務員,大人,男性,死亡
乗務員,大人,男性,死亡
乗務員,大人,男性,死亡
乗務員,大人,男性,死亡
乗務員,大人,男性,死亡
乗務員,大人,男性,死亡
乗務員,大人,男性,死亡
乗務員,大人,男性,死亡
乗務員,大人,男性,死亡
乗務員,大人,男性,死亡
乗務員,大人,男性,死亡
乗務員,大人,男性,死亡
乗務員,大人,男性,死亡
乗務員,大人,男性,死亡
乗務員,大人,男性,死亡
乗務員,大人,男性,死亡
乗務員,大人,男性,死亡
乗務員,大人,男性,死亡
乗務員,大人,男性,死亡
乗務員,大人,男性,死亡
乗務員,大人,男性,死亡
乗務員,大人,男性,死亡
乗務員,大人,男性,死亡
乗務員,大人,男性,死亡
乗務員,大人,男性,死亡
乗務員,大人,男性,死亡
乗務員,大人,男性,死亡
乗務員,大人,男性,死亡
乗務員,大人,男性,死亡
乗務員,大人,男性,死亡
乗務員,大人,男性,死亡
乗務員,大人,男性,死亡
乗務員,大人,男性,死亡
乗務員,大人,男性,死亡
乗務員,大人,男性,死亡
乗務員,大人,男性,死亡
乗務員,大人,男性,死亡
乗務員,大人,男性,死亡
乗務員,大人,男性,死亡
乗務員,大人,男性,死亡
乗務員,大人,男性,死亡
乗務員,大人,男性,死亡
乗務員,大人,男性,死亡
乗務員,大人,男性,死亡
乗務員,大人,男性,死亡
乗務員,大人,男性,死亡
乗務員,大人,男性,死亡
乗務員,大人,男性,死亡
乗務員,大人,男性,死亡
乗務員,大人,男性,死亡
乗務員,大人,男性,死亡
乗務員,大人,男性,死亡
乗務員,大人,男性,死亡
乗務員,大人,男性,死亡
乗務員,大人,男性,死亡
乗務員,大人,男性,死亡
乗務員,大人,男性,死亡
乗務員,大人,男性,死亡
乗務員,大人,男性,死亡
乗務員,大人,男性,死亡
乗務員,大人,男性,死亡
乗務員,大人,男性,死亡
乗務員,大人,男性,死亡
乗務員,大人,男性,死亡
乗務員,大人,男性,死亡
乗務員,大人,男性,死亡
乗務員,大人,男性,死亡
乗務員,大人,男性,死亡
乗務員,大人,男性,死亡
乗務員,大人,男性,死亡
乗務員,大人,男性,死亡
乗務員,大人,男性,死亡
乗務員,大人,男性,死亡
乗務員,大人,男性,死亡
乗務員,大人,男性,死亡
乗務員,大人,男性,死亡
乗務員,大人,男性,死亡
乗務員,大人,男性,死亡
乗務員,大人,男性,死亡
乗務員,大人,男性,死亡
乗務員,大人,男性,死亡
乗務員,大人,男性,死亡
乗務員,大人,男性,死亡
乗務員,大人,男性,死亡
乗務員,大人,男性,死亡
乗務員,大人,男性,死亡
乗務員,大人,男性,死亡
乗務員,大人,男性,死亡
乗務員,大人,男性,死亡
乗務員,大人,男性,死亡
乗務員,大人,男性,死亡
乗務員,大人,男性,死亡
乗務員,大人,男性,死亡
乗務員,大人,男性,死亡
乗務員,大人,男性,死亡
乗務員,大人,男性,死亡
乗務員,大人,男性,死亡
乗務員,大人,男性,死亡
乗務員,大人,男性,死亡
乗務員,大人,男性,死亡
乗務員,大人,男性,死亡
乗務員,大人,男性,死亡
乗務員,大人,男性,死亡
乗務員,大人,男性,死亡
乗務員,大人,男性,死亡
乗務員,大人,男性,死亡
乗務員,大人,男性,死亡
乗務員,大人,男性,死亡
乗務員,大人,男性,死亡
乗務員,大人,男性,死亡
乗務員,大人,男性,死亡
乗務員,大人,男性,死亡
乗務員,大人,男性,死亡
乗務員,大人,男性,死亡
乗務員,大人,男性,死亡
乗務員,大人,男性,死亡
乗務員,大人,男性,死亡
乗務員,大人,男性,死亡
乗務員,大人,男性,死亡
乗務員,大人,男性,死亡
乗務員,大人,男性,死亡
乗務員,大人,男性,死亡
乗務員,大人,男性,死亡
乗務員,大人,男性,死亡
乗務員,大人,男性,死亡
乗務員,大人,男性,死亡
乗務員,大人,男性,死亡
乗務員,大人,男性,死亡
乗務員,大人,男性,死亡
乗務員,大人,男性,死亡
乗務員,大人,男性,死亡
乗務員,大人,男性,死亡
乗務員,大人,男性,死亡
乗務員,大人,男性,死亡
乗務員,大人,男性,死亡
乗務員,大人,男性,死亡
乗務員,大人,男性,死亡
乗務員,大人,男性,死亡
乗務員,大人,男性,死亡
乗務員,大人,男性,死亡
乗務員,大人,男性,死亡
乗務員,大人,男性,死亡
乗務員,大人,男性,死亡
乗務員,大人,男性,死亡
乗務員,大人,男性,死亡
乗務員,大人,男性,死亡
乗務員,大人,男性,死亡
乗務員,大人,男性,死亡
乗務員,大人,男性,死亡
乗務員,大人,男性,死亡
乗務員,大人,男性,死亡
乗務員,大人,男性,死亡
乗務員,大人,男性,死亡
乗務員,大人,男性,死亡
乗務員,大人,男性,死亡
乗務員,大人,男性,死亡
乗務員,大人,男性,死亡
乗務員,大人,男性,死亡
乗務員,大人,男性,死亡
乗務員,大人,男性,死亡
乗務員,大人,男性,死亡
乗務員,大人,男性,死亡
乗務員,大人,男性,死亡
乗務員,大人,男性,死亡
乗務員,大人,男性,死亡
乗務員,大人,男性,死亡
乗務員,大人,男性,死亡
乗務員,大人,男性,死亡
乗務員,大人,男性,死亡
乗務員,大人,男性,死亡
乗務員,大人,男性,死亡
乗務員,大人,男性,死亡
乗務員,大人,男性,死亡
乗務員,大人,男性,死亡
乗務員,大人,男性,死亡
乗務員,大人,男性,死亡
乗務員,大人,男性,死亡
乗務員,大人,男性,死亡
乗務員,大人,男性,死亡
乗務員,大人,男性,死亡
乗務員,大人,男性,死亡
乗務員,大人,男性,死亡
乗務員,大人,男性,死亡
乗務員,大人,男性,死亡
乗務員,大人,男性,死亡
乗務員,大人,男性,死亡
乗務員,大人,男性,死亡
乗務員,大人,男性,死亡
乗務員,大人,男性,死亡
乗務員,大人,男性,死亡
乗務員,大人,男性,死亡
乗務員,大人,男性,死亡
乗務員,大人,男性,死亡
乗務員,大人,男性,死亡
乗務員,大人,男性,死亡
乗務員,大人,男性,死亡
乗務員,大人,男性,死亡
乗務員,大人,男性,死亡
乗務員,大人,男性,死亡
乗務員,大人,男性,死亡
乗務員,大人,男性,死亡
乗務員,大人,男性,死亡
乗務員,大人,男性,死亡
乗務員,大人,男性,死亡
乗務員,大人,男性,死亡
乗務員,大人,男性,死亡
乗務員,大人,男性,死亡
乗務員,大人,男性,死亡
乗務員,大人,男性,死亡
乗務員,大人,男性,死亡
乗務員,大人,男性,死亡
乗務員,大人,男性,死亡
乗務員,大人,男性,死亡
乗務員,大人,男性,死亡
乗務員,大人,男性,死亡
乗務員,大人,男性,死亡
乗務員,大人,男性,死亡
乗務員,大人,男性,死亡
乗務員,大人,男性,死亡
乗務員,大人,男性,死亡
乗務員,大人,男性,死亡
乗務員,大人,男性,死亡
乗務員,大人,男性,死亡
乗務員,大人,男性,死亡
乗務員,大人,男性,死亡
乗務員,大人,男性,死亡
乗務員,大人,男性,死亡
乗務員,大人,男性,死亡
乗務員,大人,男性,死亡
乗務員,大人,男性,死亡
乗務員,大人,男性,死亡
乗務員,大人,男性,死亡
乗務員,大人,男性,死亡
乗務員,大人,男性,死亡
乗務員,大人,男性,死亡
乗務員,大人,男性,死亡
乗務員,大人,男性,死亡
乗務員,大人,男性,死亡
乗務員,大人,男性,死亡
乗務員,大人,男性,死亡
乗務員,大人,男性,死亡
乗務員,大人,男性,死亡
乗務員,大人,男性,死亡
乗務員,大人,男性,死亡
乗務員,大人,男性,死亡
乗務員,大人,男性,死亡
乗務員,大人,男性,死亡
乗務員,大人,男性,死亡
乗務員,大人,男性,死亡
乗務員,大人,男性,死亡
乗務員,大人,男性,死亡
乗務員,大人,男性,死亡
乗務員,大人,男性,死亡
乗務員,大人,男性,死亡
乗務員,大人,男性,死亡
乗務員,大人,男性,死亡
乗務員,大人,男性,死亡
乗務員,大人,男性,死亡
乗務員,大人,男性,死亡
乗務員,大人,男性,死亡
乗務員,大人,男性,死亡
乗務員,大人,男性,死亡
乗務員,大人,男性,死亡
乗務員,大人,男性,死亡
乗務員,大人,男性,死亡
乗務員,大人,男性,死亡
乗務員,大人,男性,死亡
乗務員,大人,男性,死亡
乗務員,大人,男性,死亡
乗務員,大人,男性,死亡
乗務員,大人,男性,死亡
乗務員,大人,男性,死亡
乗務員,大人,男性,死亡
乗務員,大人,男性,死亡
乗務員,大人,男性,死亡
乗務員,大人,男性,死亡
乗務員,大人,男性,死亡
乗務員,大人,男性,死亡
乗務員,大人,男性,死亡
乗務員,大人,男性,死亡
乗務員,大人,男性,死亡
乗務員,大人,男性,死亡
乗務員,大人,男性,死亡
乗務員,大人,男性,死亡
乗務員,大人,男性,死亡
乗務員,大人,男性,死亡
乗務員,大人,男性,死亡
乗務員,大人,男性,死亡
乗務員,大人,男性,死亡
乗務員,大人,男性,死亡
乗務員,大人,男性,死亡
乗務員,大人,男性,死亡
乗務員,大人,男性,死亡
乗務員,大人,男性,死亡
乗務員,大人,男性,死亡
乗務員,大人,男性,死亡
乗務員,大人,男性,死亡
乗務員,大人,男性,死亡
乗務員,大人,男性,死亡
乗務員,大人,男性,死亡
乗務員,大人,男性,死亡
乗務員,大人,男性,死亡
乗務員,大人,男性,死亡
乗務員,大人,男性,死亡
乗務員,大人,男性,死亡
乗務員,大人,男性,死亡
乗務員,大人,男性,死亡
乗務員,大人,男性,死亡
乗務員,大人,男性,死亡
乗務員,大人,男性,死亡
乗務員,大人,男性,死亡
乗務員,大人,男性,死亡
乗務員,大人,男性,死亡
乗務員,大人,男性,死亡
乗務員,大人,男性,死亡
乗務員,大人,男性,死亡
乗務員,大人,男性,死亡
乗務員,大人,男性,死亡
乗務員,大人,男性,死亡
乗務員,大人,男性,死亡
乗務員,大人,男性,死亡
乗務員,大人,男性,死亡
乗務員,大人,男性,死亡
乗務員,大人,男性,死亡
乗務員,大人,男性,死亡
乗務員,大人,男性,死亡
乗務員,大人,男性,死亡
乗務員,大人,男性,死亡
乗務員,大人,男性,死亡
乗務員,大人,男性,死亡
乗務員,大人,男性,死亡
乗務員,大人,男性,死亡
乗務員,大人,男性,死亡
乗務員,大人,男性,死亡
乗務員,大人,男性,死亡
乗務員,大人,男性,死亡
乗務員,大人,男性,死亡
乗務員,大人,男性,死亡
乗務員,大人,男性,死亡
乗務員,大人,男性,死亡
乗務員,大人,男性,死亡
乗務員,大人,男性,死亡
乗務員,大人,男性,死亡
乗務員,大人,男性,死亡
乗務員,大人,男性,死亡
乗務員,大人,男性,死亡
乗務員,大人,男性,死亡
乗務員,大人,男性,死亡
乗務員,大人,男性,死亡
乗務員,大人,男性,死亡
乗務員,大人,男性,死亡
乗務員,大人,男性,死亡
乗務員,大人,男性,死亡
乗務員,大人,男性,死亡
乗務員,大人,男性,死亡
乗務員,大人,男性,死亡
乗務員,大人,男性,死亡
乗務員,大人,男性,死亡
乗務員,大人,男性,死亡
乗務員,大人,男性,死亡
乗務員,大人,男性,死亡
乗務員,大人,男性,死亡
乗務員,大人,男性,死亡
乗務員,大人,男性,死亡
乗務員,大人,男性,死亡
乗務員,大人,男性,死亡
乗務員,大人,男性,死亡
乗務員,大人,男性,死亡
乗務員,大人,男性,死亡
乗務員,大人,男性,死亡
乗務員,大人,男性,死亡
乗務員,大人,男性,死亡
乗務員,大人,男性,死亡
乗務員,大人,男性,死亡
乗務員,大人,男性,死亡
乗務員,大人,男性,死亡
乗務員,大人,男性,死亡
乗務員,大人,男性,死亡
乗務員,大人,男性,死亡
乗務員,大人,男性,死亡
乗務員,大人,男性,死亡
乗務員,大人,男性,死亡
乗務員,大人,男性,死亡
乗務員,大人,男性,死亡
乗務員,大人,男性,死亡
乗務員,大人,男性,死亡
乗務員,大人,男性,死亡
乗務員,大人,男性,死亡
乗務員,大人,男性,死亡
乗務員,大人,男性,死亡
乗務員,大人,男性,死亡
乗務員,大人,男性,死亡
乗務員,大人,男性,死亡
乗務員,大人,男性,死亡
乗務員,大人,男性,死亡
乗務員,大人,男性,死亡
乗務員,大人,男性,死亡
乗務員,大人,男性,死亡
乗務員,大人,男性,死亡
乗務員,大人,男性,死亡
乗務員,大人,男性,死亡
乗務員,大人,男性,死亡
乗務員,大人,男性,死亡
乗務員,大人,男性,死亡
乗務員,大人,男性,死亡
乗務員,大人,男性,死亡
乗務員,大人,男性,死亡
乗務員,大人,男性,死亡
乗務員,大人,男性,死亡
乗務員,大人,男性,死亡
乗務員,大人,男性,死亡
乗務員,大人,男性,死亡
乗務員,大人,男性,死亡
乗務員,大人,男性,死亡
乗務員,大人,男性,死亡
乗務員,大人,男性,死亡
乗務員,大人,男性,死亡
乗務員,大人,男性,死亡
乗務員,大人,男性,死亡
乗務員,大人,男性,死亡
乗務員,大人,男性,死亡
乗務員,大人,男性,死亡
乗務員,大人,男性,死亡
乗務員,大人,男性,死亡
乗務員,大人,男性,死亡
乗務員,大人,男性,死亡
乗務員,大人,男性,死亡
乗務員,大人,男性,死亡
乗務員,大人,男性,死亡
乗務員,大人,男性,死亡
乗務員,大人,男性,死亡
乗務員,大人,男性,死亡
乗務員,大人,男性,死亡
乗務員,大人,男性,死亡
乗務員,大人,男性,死亡
乗務員,大人,男性,死亡
乗務員,大人,男性,死亡
乗務員,大人,男性,死亡
乗務員,大人,男性,死亡
乗務員,大人,男性,死亡
乗務員,大人,男性,死亡
乗務員,大人,男性,死亡
乗務員,大人,男性,死亡
乗務員,大人,男性,死亡
乗務員,大人,男性,死亡
乗務員,大人,男性,死亡
乗務員,大人,男性,死亡
乗務員,大人,男性,死亡
乗務員,大人,男性,死亡
乗務員,大人,男性,死亡
乗務員,大人,男性,死亡
乗務員,大人,女性,生還
乗務員,大人,女性,生還
乗務員,大人,女性,生還
乗務員,大人,女性,生還
乗務員,大人,女性,生還
乗務員,大人,女性,生還
乗務員,大人,女性,生還
乗務員,大人,女性,生還
乗務員,大人,女性,生還
乗務員,大人,女性,生還
乗務員,大人,女性,生還
乗務員,大人,女性,生還
乗務員,大人,女性,生還
乗務員,大人,女性,生還
乗務員,大人,女性,生還
乗務員,大人,女性,生還
乗務員,大人,女性,生還
乗務員,大人,女性,生還
乗務員,大人,女性,生還
乗務員,大人,女性,生還
乗務員,大人,女性,死亡
乗務員,大人,女性,死亡
乗務員,大人,女性,死亡
