年月日,月,当日天気,前日天気,前々日天気,三日前天気,一週前天気
961231,12,晴,晴,晴,晴,晴
961230,12,晴,晴,晴,晴,晴
961229,12,晴,晴,晴,晴,晴
961228,12,晴,晴,晴,晴,晴
961227,12,晴,晴,晴,晴,晴
961226,12,晴,晴,晴,晴,晴
961225,12,晴,晴,晴,晴,雨
961224,12,晴,晴,晴,晴,雨
961223,12,晴,晴,晴,晴,晴
961222,12,晴,晴,晴,晴,晴
961221,12,晴,晴,晴,雨,晴
961220,12,晴,晴,雨,雨,曇
961219,12,晴,雨,雨,晴,晴
961218,12,雨,雨,晴,晴,雨
961217,12,雨,晴,晴,晴,晴
961216,12,晴,晴,晴,曇,晴
961215,12,晴,晴,曇,晴,晴
961214,12,晴,曇,晴,雨,晴
961213,12,曇,晴,雨,晴,晴
961212,12,晴,雨,晴,晴,雨
961211,12,雨,晴,晴,晴,晴
961210,12,晴,晴,晴,晴,晴
961209,12,晴,晴,晴,晴,晴
961208,12,晴,晴,晴,雨,晴
961207,12,晴,晴,雨,晴,晴
961206,12,晴,雨,晴,晴,晴
961205,12,雨,晴,晴,晴,晴
961204,12,晴,晴,晴,晴,雨
961203,12,晴,晴,晴,晴,晴
961202,12,晴,晴,晴,晴,晴
961201,12,晴,晴,晴,晴,曇
961130,11,晴,晴,晴,雨,晴
961129,11,晴,晴,雨,晴,晴
961128,11,晴,雨,晴,晴,晴
961127,11,雨,晴,晴,曇,雨
961126,11,晴,晴,曇,晴,晴
961125,11,晴,曇,晴,晴,曇
961124,11,曇,晴,晴,晴,晴
961123,11,晴,晴,晴,雨,晴
961122,11,晴,晴,雨,晴,晴
961121,11,晴,雨,晴,曇,晴
961120,11,雨,晴,曇,晴,雨
961119,11,晴,曇,晴,晴,雨
961118,11,曇,晴,晴,晴,雨
961117,11,晴,晴,晴,晴,晴
961116,11,晴,晴,晴,雨,雨
961115,11,晴,晴,雨,雨,雨
961114,11,晴,雨,雨,雨,晴
961113,11,雨,雨,雨,晴,雨
961112,11,雨,雨,晴,雨,雨
961111,11,雨,晴,雨,雨,晴
961110,11,晴,雨,雨,晴,曇
961109,11,雨,雨,晴,雨,雨
961108,11,雨,晴,雨,雨,雨
961107,11,晴,雨,雨,晴,晴
961106,11,雨,雨,晴,曇,晴
961105,11,雨,晴,曇,雨,晴
961104,11,晴,曇,雨,雨,雨
961103,11,曇,雨,雨,晴,晴
961102,11,雨,雨,晴,晴,曇
961101,11,雨,晴,晴,晴,雨
961031,10,晴,晴,晴,雨,晴
961030,10,晴,晴,雨,晴,晴
961029,10,晴,雨,晴,曇,晴
961028,10,雨,晴,曇,雨,晴
961027,10,晴,曇,雨,晴,晴
961026,10,曇,雨,晴,晴,雨
961025,10,雨,晴,晴,晴,晴
961024,10,晴,晴,晴,晴,晴
961023,10,晴,晴,晴,晴,晴
961022,10,晴,晴,晴,雨,雨
961021,10,晴,晴,雨,晴,雨
961020,10,晴,雨,晴,晴,雨
961019,10,雨,晴,晴,晴,雨
961018,10,晴,晴,晴,雨,曇
961017,10,晴,晴,雨,雨,晴
961016,10,晴,雨,雨,雨,雨
961015,10,雨,雨,雨,雨,雨
961014,10,雨,雨,雨,曇,曇
961013,10,雨,雨,曇,晴,曇
961012,10,雨,曇,晴,雨,晴
961011,10,曇,晴,雨,雨,晴
961010,10,晴,雨,雨,曇,雨
961009,10,雨,雨,曇,曇,晴
961008,10,雨,曇,曇,晴,雨
961007,10,曇,曇,晴,晴,雨
961006,10,曇,晴,晴,雨,晴
961005,10,晴,晴,雨,晴,晴
961004,10,晴,雨,晴,雨,雨
961003,10,雨,晴,雨,雨,雨
961002,10,晴,雨,雨,晴,雨
961001,10,雨,雨,晴,晴,曇
960930,9,雨,晴,晴,雨,晴
960929,9,晴,晴,雨,雨,雨
960928,9,晴,雨,雨,雨,雨
960927,9,雨,雨,雨,曇,雨
960926,9,雨,雨,曇,晴,晴
960925,9,雨,曇,晴,雨,晴
960924,9,曇,晴,雨,雨,曇
960923,9,晴,雨,雨,雨,晴
960922,9,雨,雨,雨,晴,晴
960921,9,雨,雨,晴,晴,雨
960920,9,雨,晴,晴,曇,雨
960919,9,晴,晴,曇,晴,晴
960918,9,晴,曇,晴,晴,晴
960917,9,曇,晴,晴,雨,雨
960916,9,晴,晴,雨,雨,雨
960915,9,晴,雨,雨,晴,晴
960914,9,雨,雨,晴,晴,曇
960913,9,雨,晴,晴,雨,曇
960912,9,晴,晴,雨,雨,晴
960911,9,晴,雨,雨,晴,晴
960910,9,雨,雨,晴,曇,晴
960909,9,雨,晴,曇,曇,雨
960908,9,晴,曇,曇,晴,曇
960907,9,曇,曇,晴,晴,曇
960906,9,曇,晴,晴,晴,曇
960905,9,晴,晴,晴,雨,雨
960904,9,晴,晴,雨,曇,雨
960903,9,晴,雨,曇,曇,曇
960902,9,雨,曇,曇,曇,曇
960901,9,曇,曇,曇,雨,曇
960831,8,曇,曇,雨,雨,雨
960830,8,曇,雨,雨,曇,曇
960829,8,雨,雨,曇,曇,晴
960828,8,雨,曇,曇,曇,曇
960827,8,曇,曇,曇,雨,曇
960826,8,曇,曇,雨,曇,晴
960825,8,曇,雨,曇,晴,晴
960824,8,雨,曇,晴,曇,曇
960823,8,曇,晴,曇,曇,晴
960822,8,晴,曇,曇,晴,晴
960821,8,曇,曇,晴,晴,曇
960820,8,曇,晴,晴,曇,曇
960819,8,晴,晴,曇,晴,雨
960818,8,晴,曇,晴,晴,晴
960817,8,曇,晴,晴,曇,晴
960816,8,晴,晴,曇,曇,晴
960815,8,晴,曇,曇,雨,晴
960814,8,曇,曇,雨,晴,晴
960813,8,曇,雨,晴,晴,晴
960812,8,雨,晴,晴,晴,雨
960811,8,晴,晴,晴,晴,晴
960810,8,晴,晴,晴,晴,曇
960809,8,晴,晴,晴,晴,晴
960808,8,晴,晴,晴,雨,晴
960807,8,晴,晴,雨,晴,晴
960806,8,晴,雨,晴,曇,曇
960805,8,雨,晴,曇,晴,晴
960804,8,晴,曇,晴,晴,晴
960803,8,曇,晴,晴,晴,晴
960802,8,晴,晴,晴,曇,晴
960801,8,晴,晴,曇,晴,晴
960731,7,晴,曇,晴,晴,曇
960730,7,曇,晴,晴,晴,雨
960729,7,晴,晴,晴,晴,曇
960728,7,晴,晴,晴,晴,雨
960727,7,晴,晴,晴,曇,曇
960726,7,晴,晴,曇,雨,晴
960725,7,晴,曇,雨,曇,晴
960724,7,曇,雨,曇,雨,晴
960723,7,雨,曇,雨,曇,晴
960722,7,曇,雨,曇,晴,雨
960721,7,雨,曇,晴,晴,晴
960720,7,曇,晴,晴,晴,晴
960719,7,晴,晴,晴,晴,晴
960718,7,晴,晴,晴,雨,晴
960717,7,晴,晴,雨,晴,雨
960716,7,晴,雨,晴,晴,雨
960715,7,雨,晴,晴,晴,雨
960714,7,晴,晴,晴,晴,雨
960713,7,晴,晴,晴,雨,晴
960712,7,晴,晴,雨,雨,雨
960711,7,晴,雨,雨,雨,晴
960710,7,雨,雨,雨,雨,晴
960709,7,雨,雨,雨,晴,晴
960708,7,雨,雨,晴,雨,曇
960707,7,雨,晴,雨,晴,曇
960706,7,晴,雨,晴,晴,晴
960705,7,雨,晴,晴,晴,曇
960704,7,晴,晴,晴,曇,曇
960703,7,晴,晴,曇,曇,雨
960702,7,晴,曇,曇,晴,雨
960701,7,曇,曇,晴,曇,雨
960630,6,曇,晴,曇,曇,曇
960629,6,晴,曇,曇,雨,曇
960628,6,曇,曇,雨,雨,曇
960627,6,曇,雨,雨,雨,晴
960626,6,雨,雨,雨,曇,曇
960625,6,雨,雨,曇,曇,雨
960624,6,雨,曇,曇,曇,曇
960623,6,曇,曇,曇,晴,晴
960622,6,曇,曇,晴,曇,晴
960621,6,曇,晴,曇,雨,雨
960620,6,晴,曇,雨,曇,雨
960619,6,曇,雨,曇,晴,曇
960618,6,雨,曇,晴,晴,曇
960617,6,曇,晴,晴,雨,雨
960616,6,晴,晴,雨,雨,曇
960615,6,晴,雨,雨,曇,曇
960614,6,雨,雨,曇,曇,晴
960613,6,雨,曇,曇,雨,晴
960612,6,曇,曇,雨,曇,晴
960611,6,曇,雨,曇,曇,曇
960610,6,雨,曇,曇,晴,晴
960609,6,曇,曇,晴,晴,晴
960608,6,曇,晴,晴,晴,曇
960607,6,晴,晴,晴,曇,晴
960606,6,晴,晴,曇,晴,曇
960605,6,晴,曇,晴,晴,曇
960604,6,曇,晴,晴,曇,曇
960603,6,晴,晴,曇,晴,晴
960602,6,晴,曇,晴,曇,晴
960601,6,曇,晴,曇,曇,晴
960531,5,晴,曇,曇,曇,雨
960530,5,曇,曇,曇,晴,雨
960529,5,曇,曇,晴,晴,雨
960528,5,曇,晴,晴,晴,晴
960527,5,晴,晴,晴,雨,曇
960526,5,晴,晴,雨,雨,晴
960525,5,晴,雨,雨,雨,曇
960524,5,雨,雨,雨,晴,晴
960523,5,雨,雨,晴,曇,晴
960522,5,雨,晴,曇,晴,晴
960521,5,晴,曇,晴,曇,曇
960520,5,曇,晴,曇,晴,雨
960519,5,晴,曇,晴,晴,雨
960518,5,曇,晴,晴,晴,晴
960517,5,晴,晴,晴,曇,晴
960516,5,晴,晴,曇,雨,雨
960515,5,晴,曇,雨,雨,曇
960514,5,曇,雨,雨,晴,晴
960513,5,雨,雨,晴,晴,晴
960512,5,雨,晴,晴,雨,雨
960511,5,晴,晴,雨,曇,曇
960510,5,晴,雨,曇,晴,晴
960509,5,雨,曇,晴,晴,雨
960508,5,曇,晴,晴,雨,雨
960507,5,晴,晴,雨,曇,曇
960506,5,晴,雨,曇,晴,晴
960505,5,雨,曇,晴,雨,晴
960504,5,曇,晴,雨,雨,晴
960503,5,晴,雨,雨,曇,曇
960502,5,雨,雨,曇,晴,晴
960501,5,雨,曇,晴,晴,晴
960430,4,曇,晴,晴,晴,晴
960429,4,晴,晴,晴,曇,晴
960428,4,晴,晴,曇,晴,晴
960427,4,晴,曇,晴,晴,雨
960426,4,曇,晴,晴,晴,曇
960425,4,晴,晴,晴,晴,雨
960424,4,晴,晴,晴,晴,晴
960423,4,晴,晴,晴,雨,雨
960422,4,晴,晴,雨,曇,晴
960421,4,晴,雨,曇,雨,晴
960420,4,雨,曇,雨,晴,晴
960419,4,曇,雨,晴,雨,晴
960418,4,雨,晴,雨,晴,雨
960417,4,晴,雨,晴,晴,曇
960416,4,雨,晴,晴,晴,晴
960415,4,晴,晴,晴,晴,雨
960414,4,晴,晴,晴,雨,晴
960413,4,晴,晴,雨,曇,晴
960412,4,晴,雨,曇,晴,晴
960411,4,雨,曇,晴,雨,晴
960410,4,曇,晴,雨,晴,晴
960409,4,晴,雨,晴,晴,曇
960408,4,雨,晴,晴,晴,雨
960407,4,晴,晴,晴,晴,晴
960406,4,晴,晴,晴,晴,雨
960405,4,晴,晴,晴,曇,曇
960404,4,晴,晴,曇,雨,曇
960403,4,晴,曇,雨,晴,曇
960402,4,曇,雨,晴,雨,曇
960401,4,雨,晴,雨,曇,雨
960331,3,晴,雨,曇,曇,晴
960330,3,雨,曇,曇,曇,曇
960329,3,曇,曇,曇,曇,雨
960328,3,曇,曇,曇,雨,晴
960327,3,曇,曇,雨,晴,曇
960326,3,曇,雨,晴,曇,晴
960325,3,雨,晴,曇,雨,曇
960324,3,晴,曇,雨,晴,雨
960323,3,曇,雨,晴,曇,晴
960322,3,雨,晴,曇,晴,雨
960321,3,晴,曇,晴,曇,晴
960320,3,曇,晴,曇,雨,晴
960319,3,晴,曇,雨,晴,晴
960318,3,曇,雨,晴,雨,晴
960317,3,雨,晴,雨,晴,晴
960316,3,晴,雨,晴,晴,晴
960315,3,雨,晴,晴,晴,雨
960314,3,晴,晴,晴,晴,雨
960313,3,晴,晴,晴,晴,晴
960312,3,晴,晴,晴,晴,晴
960311,3,晴,晴,晴,雨,晴
960310,3,晴,晴,雨,雨,晴
960309,3,晴,雨,雨,晴,晴
960308,3,雨,雨,晴,晴,雨
960307,3,雨,晴,晴,晴,晴
960306,3,晴,晴,晴,晴,曇
960305,3,晴,晴,晴,晴,雨
960304,3,晴,晴,晴,雨,雨
960303,3,晴,晴,雨,晴,晴
960302,3,晴,雨,晴,曇,晴
960301,3,雨,晴,曇,雨,晴
960228,2,晴,曇,雨,雨,晴
960227,2,曇,雨,雨,晴,晴
960226,2,雨,雨,晴,晴,晴
960225,2,雨,晴,晴,晴,雪
960224,2,晴,晴,晴,晴,雪
960223,2,晴,晴,晴,晴,雪
960222,2,晴,晴,晴,晴,晴
960221,2,晴,晴,晴,雪,晴
960220,2,晴,晴,雪,雪,晴
960219,2,晴,雪,雪,雪,晴
960218,2,雪,雪,雪,晴,晴
960217,2,雪,雪,晴,晴,晴
960216,2,雪,晴,晴,晴,雨
960215,2,晴,晴,晴,晴,晴
960214,2,晴,晴,晴,晴,晴
960213,2,晴,晴,晴,晴,晴
960212,2,晴,晴,晴,雨,晴
960211,2,晴,晴,雨,晴,晴
960210,2,晴,雨,晴,晴,晴
960209,2,雨,晴,晴,晴,晴
960208,2,晴,晴,晴,晴,晴
960207,2,晴,晴,晴,晴,晴
960206,2,晴,晴,晴,晴,晴
960205,2,晴,晴,晴,晴,晴
960204,2,晴,晴,晴,晴,晴
960203,2,晴,晴,晴,晴,晴
960202,2,晴,晴,晴,晴,晴
960201,2,晴,晴,晴,晴,晴
960131,1,晴,晴,晴,晴,晴
960130,1,晴,晴,晴,晴,曇
960129,1,晴,晴,晴,晴,曇
960128,1,晴,晴,晴,晴,晴
960127,1,晴,晴,晴,晴,雪
960126,1,晴,晴,晴,曇,雪
960125,1,晴,晴,曇,曇,曇
960124,1,晴,曇,曇,晴,曇
960123,1,曇,曇,晴,雪,曇
960122,1,曇,晴,雪,雪,晴
960121,1,晴,雪,雪,曇,晴
960120,1,雪,雪,曇,曇,晴
960119,1,雪,曇,曇,曇,晴
960118,1,曇,曇,曇,晴,晴
960117,1,曇,曇,晴,晴,晴
960116,1,曇,晴,晴,晴,晴
960115,1,晴,晴,晴,晴,雨
960114,1,晴,晴,晴,晴,晴
960113,1,晴,晴,晴,晴,晴
960112,1,晴,晴,晴,晴,晴
960111,1,晴,晴,晴,雨,晴
960110,1,晴,晴,雨,晴,晴
960109,1,晴,雨,晴,晴,晴
960108,1,雨,晴,晴,晴,晴
960107,1,晴,晴,晴,晴,晴
960106,1,晴,晴,晴,晴,晴
960105,1,晴,晴,晴,晴,晴
960104,1,晴,晴,晴,晴,晴
960103,1,晴,晴,晴,晴,晴
960102,1,晴,晴,晴,晴,晴
960101,1,晴,晴,晴,晴,晴
951231,12,晴,晴,晴,晴,晴
951230,12,晴,晴,晴,晴,晴
951229,12,晴,晴,晴,晴,晴
951228,12,晴,晴,晴,晴,晴
951227,12,晴,晴,晴,晴,晴
951226,12,晴,晴,晴,晴,晴
951225,12,晴,晴,晴,晴,晴
951224,12,晴,晴,晴,晴,晴
951223,12,晴,晴,晴,晴,晴
951222,12,晴,晴,晴,晴,晴
951221,12,晴,晴,晴,晴,晴
951220,12,晴,晴,晴,晴,晴
951219,12,晴,晴,晴,晴,晴
951218,12,晴,晴,晴,晴,晴
951217,12,晴,晴,晴,晴,晴
951216,12,晴,晴,晴,晴,晴
951215,12,晴,晴,晴,晴,晴
951214,12,晴,晴,晴,晴,晴
951213,12,晴,晴,晴,晴,晴
951212,12,晴,晴,晴,晴,晴
951211,12,晴,晴,晴,晴,晴
951210,12,晴,晴,晴,晴,晴
951209,12,晴,晴,晴,晴,晴
951208,12,晴,晴,晴,晴,晴
951207,12,晴,晴,晴,晴,晴
951206,12,晴,晴,晴,晴,晴
951205,12,晴,晴,晴,晴,晴
951204,12,晴,晴,晴,晴,晴
951203,12,晴,晴,晴,晴,晴
951202,12,晴,晴,晴,晴,晴
951201,12,晴,晴,晴,晴,晴
951130,11,晴,晴,晴,晴,曇
951129,11,晴,晴,晴,晴,曇
951128,11,晴,晴,晴,晴,晴
951127,11,晴,晴,晴,晴,雨
951126,11,晴,晴,晴,曇,晴
951125,11,晴,晴,曇,曇,晴
951124,11,晴,曇,曇,晴,晴
951123,11,曇,曇,晴,雨,晴
951122,11,曇,晴,雨,晴,雨
951121,11,晴,雨,晴,晴,雨
951120,11,雨,晴,晴,晴,晴
951119,11,晴,晴,晴,晴,晴
951118,11,晴,晴,晴,雨,晴
951117,11,晴,晴,雨,雨,晴
951116,11,晴,雨,雨,晴,晴
951115,11,雨,雨,晴,晴,雨
951114,11,雨,晴,晴,晴,雨
951113,11,晴,晴,晴,晴,晴
951112,11,晴,晴,晴,晴,晴
951111,11,晴,晴,晴,雨,晴
951110,11,晴,晴,雨,雨,晴
951109,11,晴,雨,雨,晴,晴
951108,11,雨,雨,晴,晴,晴
951107,11,雨,晴,晴,晴,曇
951106,11,晴,晴,晴,晴,晴
951105,11,晴,晴,晴,晴,曇
951104,11,晴,晴,晴,晴,晴
951103,11,晴,晴,晴,曇,晴
951102,11,晴,晴,曇,晴,晴
951101,11,晴,曇,晴,曇,雨
951031,10,曇,晴,曇,晴,曇
951030,10,晴,曇,晴,晴,晴
951029,10,曇,晴,晴,晴,晴
951028,10,晴,晴,晴,雨,晴
951027,10,晴,晴,雨,曇,晴
951026,10,晴,雨,曇,晴,曇
951025,10,雨,曇,晴,晴,晴
951024,10,曇,晴,晴,晴,晴
951023,10,晴,晴,晴,晴,晴
951022,10,晴,晴,晴,曇,晴
951021,10,晴,晴,曇,晴,晴
951020,10,晴,曇,晴,晴,晴
951019,10,曇,晴,晴,晴,曇
951018,10,晴,晴,晴,晴,曇
951017,10,晴,晴,晴,晴,晴
951016,10,晴,晴,晴,晴,雨
951015,10,晴,晴,晴,曇,雨
951014,10,晴,晴,曇,曇,曇
951013,10,晴,曇,曇,晴,曇
951012,10,曇,曇,晴,雨,雨
951011,10,曇,晴,雨,雨,曇
951010,10,晴,雨,雨,曇,晴
951009,10,雨,雨,曇,曇,雨
951008,10,雨,曇,曇,雨,曇
951007,10,曇,曇,雨,曇,曇
951006,10,曇,雨,曇,晴,曇
951005,10,雨,曇,晴,雨,曇
951004,10,曇,晴,雨,曇,曇
951003,10,晴,雨,曇,曇,曇
951002,10,雨,曇,曇,曇,晴
951001,10,曇,曇,曇,曇,雨
950930,9,曇,曇,曇,曇,曇
950929,9,曇,曇,曇,曇,曇
950928,9,曇,曇,曇,晴,晴
950927,9,曇,曇,晴,雨,晴
950926,9,曇,晴,雨,曇,晴
950925,9,晴,雨,曇,曇,晴
950924,9,雨,曇,曇,晴,雨
950923,9,曇,曇,晴,晴,雨
950922,9,曇,晴,晴,晴,雨
950921,9,晴,晴,晴,晴,曇
950920,9,晴,晴,晴,雨,晴
950919,9,晴,晴,雨,雨,晴
950918,9,晴,雨,雨,雨,晴
950917,9,雨,雨,雨,曇,晴
950916,9,雨,雨,曇,晴,晴
950915,9,雨,曇,晴,晴,曇
950914,9,曇,晴,晴,晴,晴
950913,9,晴,晴,晴,晴,曇
950912,9,晴,晴,晴,晴,晴
950911,9,晴,晴,晴,曇,曇
950910,9,晴,晴,曇,晴,曇
950909,9,晴,曇,晴,曇,晴
950908,9,曇,晴,曇,晴,晴
950907,9,晴,曇,晴,曇,雨
950906,9,曇,晴,曇,曇,晴
950905,9,晴,曇,曇,晴,晴
950904,9,曇,曇,晴,晴,晴
950903,9,曇,晴,晴,雨,晴
950902,9,晴,晴,雨,晴,晴
950901,9,晴,雨,晴,晴,晴
950831,8,雨,晴,晴,晴,晴
950830,8,晴,晴,晴,晴,曇
950829,8,晴,晴,晴,晴,雨
950828,8,晴,晴,晴,晴,晴
950827,8,晴,晴,晴,晴,晴
950826,8,晴,晴,晴,曇,晴
950825,8,晴,晴,曇,雨,晴
950824,8,晴,曇,雨,晴,晴
950823,8,曇,雨,晴,晴,雨
950822,8,雨,晴,晴,晴,晴
950821,8,晴,晴,晴,晴,晴
950820,8,晴,晴,晴,晴,晴
950819,8,晴,晴,晴,雨,雨
950818,8,晴,晴,雨,晴,晴
950817,8,晴,雨,晴,晴,雨
950816,8,雨,晴,晴,晴,晴
950815,8,晴,晴,晴,雨,晴
950814,8,晴,晴,雨,晴,晴
950813,8,晴,雨,晴,雨,曇
950812,8,雨,晴,雨,晴,晴
950811,8,晴,雨,晴,晴,曇
950810,8,雨,晴,晴,晴,晴
950809,8,晴,晴,晴,曇,雨
950808,8,晴,晴,曇,晴,晴
950807,8,晴,曇,晴,曇,晴
950806,8,曇,晴,曇,晴,晴
950805,8,晴,曇,晴,雨,晴
950804,8,曇,晴,雨,晴,晴
950803,8,晴,雨,晴,晴,晴
950802,8,雨,晴,晴,晴,晴
950801,8,晴,晴,晴,晴,晴
950731,7,晴,晴,晴,晴,晴
950730,7,晴,晴,晴,晴,曇
950729,7,晴,晴,晴,晴,雨
950728,7,晴,晴,晴,晴,雨
950727,7,晴,晴,晴,晴,雨
950726,7,晴,晴,晴,曇,曇
950725,7,晴,晴,曇,雨,曇
950724,7,晴,曇,雨,雨,雨
950723,7,曇,雨,雨,雨,曇
950722,7,雨,雨,雨,曇,曇
950721,7,雨,雨,曇,曇,雨
950720,7,雨,曇,曇,雨,曇
950719,7,曇,曇,雨,曇,雨
950718,7,曇,雨,曇,曇,晴
950717,7,雨,曇,曇,雨,晴
950716,7,曇,曇,雨,曇,曇
950715,7,曇,雨,曇,雨,雨
950714,7,雨,曇,雨,晴,曇
950713,7,曇,雨,晴,晴,雨
950712,7,雨,晴,晴,曇,雨
950711,7,晴,晴,曇,雨,雨
950710,7,晴,曇,雨,曇,雨
950709,7,曇,雨,曇,雨,曇
950708,7,雨,曇,雨,雨,雨
950707,7,曇,雨,雨,雨,晴
950706,7,雨,雨,雨,雨,曇
950705,7,雨,雨,雨,曇,曇
950704,7,雨,雨,曇,雨,雨
950703,7,雨,曇,雨,晴,雨
950702,7,曇,雨,晴,曇,雨
950701,7,雨,晴,曇,曇,曇
950630,6,晴,曇,曇,雨,雨
950629,6,曇,曇,雨,雨,雨
950628,6,曇,雨,雨,雨,雨
950627,6,雨,雨,雨,曇,雨
950626,6,雨,雨,曇,雨,雨
950625,6,雨,曇,雨,雨,曇
950624,6,曇,雨,雨,雨,晴
950623,6,雨,雨,雨,雨,雨
950622,6,雨,雨,雨,雨,曇
950621,6,雨,雨,雨,曇,雨
950620,6,雨,雨,曇,晴,雨
950619,6,雨,曇,晴,雨,曇
950618,6,曇,晴,雨,曇,曇
950617,6,晴,雨,曇,雨,雨
950616,6,雨,曇,雨,雨,雨
950615,6,曇,雨,雨,曇,雨
950614,6,雨,雨,曇,曇,晴
950613,6,雨,曇,曇,雨,雨
950612,6,曇,曇,雨,雨,曇
950611,6,曇,雨,雨,雨,雨
950610,6,雨,雨,雨,晴,雨
950609,6,雨,雨,晴,雨,晴
950608,6,雨,晴,雨,曇,雨
950607,6,晴,雨,曇,雨,晴
950606,6,雨,曇,雨,雨,曇
950605,6,曇,雨,雨,晴,雨
950604,6,雨,雨,晴,雨,晴
950603,6,雨,晴,雨,晴,晴
950602,6,晴,雨,晴,曇,曇
950601,6,雨,晴,曇,雨,晴
950531,5,晴,曇,雨,晴,晴
950530,5,曇,雨,晴,晴,晴
950529,5,雨,晴,晴,曇,曇
950528,5,晴,晴,曇,晴,曇
950527,5,晴,曇,晴,晴,曇
950526,5,曇,晴,晴,晴,晴
950525,5,晴,晴,晴,曇,晴
950524,5,晴,晴,曇,曇,晴
950523,5,晴,曇,曇,曇,雨
950522,5,曇,曇,曇,晴,雨
950521,5,曇,曇,晴,晴,曇
950520,5,曇,晴,晴,晴,雨
950519,5,晴,晴,晴,雨,雨
950518,5,晴,晴,雨,雨,雨
950517,5,晴,雨,雨,曇,晴
950516,5,雨,雨,曇,雨,晴
950515,5,雨,曇,雨,雨,晴
950514,5,曇,雨,雨,雨,曇
950513,5,雨,雨,雨,晴,晴
950512,5,雨,雨,晴,晴,雨
950511,5,雨,晴,晴,晴,雨
950510,5,晴,晴,晴,曇,曇
950509,5,晴,晴,曇,晴,雨
950508,5,晴,曇,晴,雨,雨
950507,5,曇,晴,雨,雨,雨
950506,5,晴,雨,雨,曇,雨
950505,5,雨,雨,曇,雨,曇
950504,5,雨,曇,雨,雨,晴
950503,5,曇,雨,雨,雨,曇
950502,5,雨,雨,雨,雨,雨
950501,5,雨,雨,雨,曇,晴
950430,4,雨,雨,曇,晴,雨
950429,4,雨,曇,晴,曇,雨
950428,4,曇,晴,曇,雨,晴
950427,4,晴,曇,雨,晴,晴
950426,4,曇,雨,晴,雨,雨
950425,4,雨,晴,雨,雨,雨
950424,4,晴,雨,雨,晴,晴
950423,4,雨,雨,晴,晴,曇
950422,4,雨,晴,晴,雨,雨
950421,4,晴,晴,雨,雨,雨
950420,4,晴,雨,雨,晴,晴
950419,4,雨,雨,晴,曇,雨
950418,4,雨,晴,曇,雨,晴
950417,4,晴,曇,雨,雨,晴
950416,4,曇,雨,雨,晴,雨
950415,4,雨,雨,晴,雨,晴
950414,4,雨,晴,雨,晴,雨
950413,4,晴,雨,晴,晴,晴
950412,4,雨,晴,晴,雨,晴
950411,4,晴,晴,雨,晴,晴
950410,4,晴,雨,晴,雨,晴
950409,4,雨,晴,雨,晴,晴
950408,4,晴,雨,晴,晴,曇
950407,4,雨,晴,晴,晴,雨
950406,4,晴,晴,晴,晴,雨
950405,4,晴,晴,晴,晴,曇
950404,4,晴,晴,晴,曇,晴
950403,4,晴,晴,曇,雨,晴
950402,4,晴,曇,雨,雨,雪
950401,4,曇,雨,雨,曇,雨
950331,3,雨,雨,曇,晴,曇
950330,3,雨,曇,晴,晴,曇
950329,3,曇,晴,晴,雪,晴
950328,3,晴,晴,雪,雨,晴
950327,3,晴,雪,雨,曇,晴
950326,3,雪,雨,曇,曇,雨
950325,3,雨,曇,曇,晴,雨
950324,3,曇,曇,晴,晴,雨
950323,3,曇,晴,晴,晴,雨
950322,3,晴,晴,晴,雨,曇
950321,3,晴,晴,雨,雨,晴
950320,3,晴,雨,雨,雨,雨
950319,3,雨,雨,雨,雨,雨
950318,3,雨,雨,雨,曇,雨
950317,3,雨,雨,曇,晴,雨
950316,3,雨,曇,晴,雨,晴
950315,3,曇,晴,雨,雨,晴
950314,3,晴,雨,雨,雨,晴
950313,3,雨,雨,雨,雨,晴
950312,3,雨,雨,雨,晴,晴
950311,3,雨,雨,晴,晴,雪
950310,3,雨,晴,晴,晴,雨
950309,3,晴,晴,晴,晴,晴
950308,3,晴,晴,晴,晴,雪
950307,3,晴,晴,晴,雪,晴
950306,3,晴,晴,雪,雨,晴
950305,3,晴,雪,雨,晴,雪
950304,3,雪,雨,晴,雪,曇
950303,3,雨,晴,雪,晴,晴
950302,3,晴,雪,晴,晴,晴
950301,3,雪,晴,晴,雪,晴
950228,2,晴,晴,雪,曇,晴
950227,2,晴,雪,曇,晴,晴
950226,2,雪,曇,晴,晴,晴
950225,2,曇,晴,晴,晴,晴
950224,2,晴,晴,晴,晴,晴
950223,2,晴,晴,晴,晴,曇
950222,2,晴,晴,晴,晴,曇
950221,2,晴,晴,晴,晴,雨
950220,2,晴,晴,晴,晴,雨
950219,2,晴,晴,晴,曇,晴
950218,2,晴,晴,曇,曇,晴
950217,2,晴,曇,曇,雨,晴
950216,2,曇,曇,雨,雨,曇
950215,2,曇,雨,雨,晴,晴
950214,2,雨,雨,晴,晴,晴
950213,2,雨,晴,晴,晴,晴
950212,2,晴,晴,晴,曇,雪
950211,2,晴,晴,曇,晴,曇
950210,2,晴,曇,晴,晴,晴
950209,2,曇,晴,晴,晴,晴
950208,2,晴,晴,晴,雪,晴
950207,2,晴,晴,雪,曇,晴
950206,2,晴,雪,曇,晴,晴
950205,2,雪,曇,晴,晴,晴
950204,2,曇,晴,晴,晴,晴
950203,2,晴,晴,晴,晴,晴
950202,2,晴,晴,晴,晴,晴
950201,2,晴,晴,晴,晴,晴
950131,1,晴,晴,晴,晴,雨
950130,1,晴,晴,晴,晴,晴
950129,1,晴,晴,晴,晴,雨
950128,1,晴,晴,晴,晴,晴
950127,1,晴,晴,晴,雨,晴
950126,1,晴,晴,雨,晴,晴
950125,1,晴,雨,晴,雨,晴
950124,1,雨,晴,雨,晴,晴
950123,1,晴,雨,晴,晴,晴
950122,1,雨,晴,晴,晴,晴
950121,1,晴,晴,晴,晴,晴
950120,1,晴,晴,晴,晴,晴
950119,1,晴,晴,晴,晴,晴
950118,1,晴,晴,晴,晴,晴
950117,1,晴,晴,晴,晴,晴
950116,1,晴,晴,晴,晴,晴
950115,1,晴,晴,晴,晴,晴
950114,1,晴,晴,晴,晴,晴
950113,1,晴,晴,晴,晴,晴
950112,1,晴,晴,晴,晴,晴
950111,1,晴,晴,晴,晴,雨
950110,1,晴,晴,晴,晴,晴
950109,1,晴,晴,晴,晴,晴
950108,1,晴,晴,晴,晴,晴
950107,1,晴,晴,晴,雨,晴
950106,1,晴,晴,雨,晴,曇
950105,1,晴,雨,晴,晴,晴
950104,1,雨,晴,晴,晴,晴
950103,1,晴,晴,晴,晴,雨
950102,1,晴,晴,晴,曇,雨
950101,1,晴,晴,曇,晴,晴
941231,12,晴,曇,晴,晴,晴
941230,12,曇,晴,晴,雨,晴
941229,12,晴,晴,雨,雨,晴
941228,12,晴,雨,雨,晴,晴
941227,12,雨,雨,晴,晴,晴
941226,12,雨,晴,晴,晴,晴
941225,12,晴,晴,晴,晴,晴
941224,12,晴,晴,晴,晴,晴
941223,12,晴,晴,晴,晴,晴
941222,12,晴,晴,晴,晴,晴
941221,12,晴,晴,晴,晴,曇
941220,12,晴,晴,晴,晴,雨
941219,12,晴,晴,晴,晴,雨
941218,12,晴,晴,晴,晴,雨
941217,12,晴,晴,晴,曇,晴
941216,12,晴,晴,曇,雨,曇
941215,12,晴,曇,雨,雨,晴
941214,12,曇,雨,雨,雨,晴
941213,12,雨,雨,雨,晴,晴
941212,12,雨,雨,晴,曇,晴
941211,12,雨,晴,曇,晴,晴
941210,12,晴,曇,晴,晴,曇
941209,12,曇,晴,晴,晴,晴
941208,12,晴,晴,晴,晴,晴
941207,12,晴,晴,晴,晴,晴
941206,12,晴,晴,晴,曇,晴
941205,12,晴,晴,曇,晴,晴
941204,12,晴,曇,晴,晴,晴
941203,12,曇,晴,晴,晴,晴
941202,12,晴,晴,晴,晴,晴
941201,12,晴,晴,晴,晴,晴
941130,11,晴,晴,晴,晴,晴
941129,11,晴,晴,晴,晴,雨
941128,11,晴,晴,晴,晴,雨
941127,11,晴,晴,晴,晴,曇
941126,11,晴,晴,晴,晴,雨
941125,11,晴,晴,晴,雨,雨
941124,11,晴,晴,雨,雨,晴
941123,11,晴,雨,雨,曇,晴
941122,11,雨,雨,曇,雨,晴
941121,11,雨,曇,雨,雨,曇
941120,11,曇,雨,雨,晴,晴
941119,11,雨,雨,晴,晴,晴
941118,11,雨,晴,晴,晴,晴
941117,11,晴,晴,晴,曇,晴
941116,11,晴,晴,曇,晴,晴
941115,11,晴,曇,晴,晴,晴
941114,11,曇,晴,晴,晴,曇
941113,11,晴,晴,晴,晴,雨
941112,11,晴,晴,晴,晴,晴
941111,11,晴,晴,晴,晴,晴
941110,11,晴,晴,晴,曇,晴
941109,11,晴,晴,曇,雨,晴
941108,11,晴,曇,雨,晴,晴
941107,11,曇,雨,晴,晴,曇
941106,11,雨,晴,晴,晴,曇
941105,11,晴,晴,晴,晴,雨
941104,11,晴,晴,晴,晴,曇
941103,11,晴,晴,晴,曇,曇
941102,11,晴,晴,曇,曇,曇
941101,11,晴,曇,曇,雨,曇
941031,10,曇,曇,雨,曇,晴
941030,10,曇,雨,曇,曇,晴
941029,10,雨,曇,曇,曇,雨
941028,10,曇,曇,曇,曇,雨
941027,10,曇,曇,曇,晴,雨
941026,10,曇,曇,晴,晴,晴
941025,10,曇,晴,晴,雨,晴
941024,10,晴,晴,雨,雨,曇
941023,10,晴,雨,雨,雨,曇
941022,10,雨,雨,雨,晴,晴
941021,10,雨,雨,晴,晴,晴
941020,10,雨,晴,晴,曇,曇
941019,10,晴,晴,曇,曇,晴
941018,10,晴,曇,曇,晴,雨
941017,10,曇,曇,晴,晴,曇
941016,10,曇,晴,晴,曇,曇
941015,10,晴,晴,曇,晴,晴
941014,10,晴,曇,晴,雨,晴
941013,10,曇,晴,雨,曇,曇
941012,10,晴,雨,曇,曇,曇
941011,10,雨,曇,曇,晴,雨
941010,10,曇,曇,晴,晴,曇
941009,10,曇,晴,晴,曇,曇
941008,10,晴,晴,曇,曇,雨
941007,10,晴,曇,曇,雨,雨
941006,10,曇,曇,雨,曇,雨
941005,10,曇,雨,曇,曇,雨
941004,10,雨,曇,曇,雨,雨
941003,10,曇,曇,雨,雨,晴
941002,10,曇,雨,雨,雨,雨
941001,10,雨,雨,雨,雨,雨
940930,9,雨,雨,雨,雨,雨
940929,9,雨,雨,雨,晴,雨
940928,9,雨,雨,晴,雨,晴
940927,9,雨,晴,雨,雨,晴
940926,9,晴,雨,雨,雨,晴
940925,9,雨,雨,雨,雨,晴
940924,9,雨,雨,雨,晴,晴
940923,9,雨,雨,晴,晴,雨
940922,9,雨,晴,晴,晴,雨
940921,9,晴,晴,晴,晴,雨
940920,9,晴,晴,晴,晴,雨
940919,9,晴,晴,晴,雨,雨
940918,9,晴,晴,雨,雨,晴
940917,9,晴,雨,雨,雨,晴
940916,9,雨,雨,雨,雨,晴
940915,9,雨,雨,雨,雨,晴
940914,9,雨,雨,雨,晴,晴
940913,9,雨,雨,晴,晴,晴
940912,9,雨,晴,晴,晴,晴
940911,9,晴,晴,晴,晴,晴
940910,9,晴,晴,晴,晴,晴
940909,9,晴,晴,晴,晴,雨
940908,9,晴,晴,晴,晴,雨
940907,9,晴,晴,晴,晴,晴
940906,9,晴,晴,晴,晴,曇
940905,9,晴,晴,晴,雨,晴
940904,9,晴,晴,雨,雨,晴
940903,9,晴,雨,雨,晴,晴
940902,9,雨,雨,晴,曇,晴
940901,9,雨,晴,曇,晴,曇
940831,8,晴,曇,晴,晴,曇
940830,8,曇,晴,晴,晴,曇
940829,8,晴,晴,晴,晴,雨
940828,8,晴,晴,晴,曇,雨
940827,8,晴,晴,曇,曇,雨
940826,8,晴,曇,曇,曇,晴
940825,8,曇,曇,曇,雨,晴
940824,8,曇,曇,雨,雨,晴
940823,8,曇,雨,雨,雨,晴
940822,8,雨,雨,雨,晴,晴
940821,8,雨,雨,晴,晴,晴
940820,8,雨,晴,晴,晴,晴
940819,8,晴,晴,晴,晴,雨
940818,8,晴,晴,晴,晴,晴
940817,8,晴,晴,晴,晴,晴
940816,8,晴,晴,晴,晴,晴
940815,8,晴,晴,晴,雨,晴
940814,8,晴,晴,雨,晴,晴
940813,8,晴,雨,晴,晴,晴
940812,8,雨,晴,晴,晴,雨
940811,8,晴,晴,晴,晴,晴
940810,8,晴,晴,晴,晴,晴
940809,8,晴,晴,晴,晴,晴
940808,8,晴,晴,晴,雨,曇
940807,8,晴,晴,雨,晴,雨
940806,8,晴,雨,晴,晴,雨
940805,8,雨,晴,晴,晴,雨
940804,8,晴,晴,晴,曇,晴
940803,8,晴,晴,曇,雨,曇
940802,8,晴,曇,雨,雨,晴
940801,8,曇,雨,雨,雨,晴
940731,7,雨,雨,雨,晴,晴
940730,7,雨,雨,晴,曇,晴
940729,7,雨,晴,曇,晴,晴
940728,7,晴,曇,晴,晴,晴
940727,7,曇,晴,晴,晴,晴
940726,7,晴,晴,晴,晴,雨
940725,7,晴,晴,晴,晴,雨
940724,7,晴,晴,晴,晴,晴
940723,7,晴,晴,晴,晴,晴
940722,7,晴,晴,晴,雨,晴
940721,7,晴,晴,雨,雨,曇
940720,7,晴,雨,雨,晴,晴
940719,7,雨,雨,晴,晴,曇
940718,7,雨,晴,晴,晴,晴
940717,7,晴,晴,晴,曇,曇
940716,7,晴,晴,曇,晴,雨
940715,7,晴,曇,晴,曇,曇
940714,7,曇,晴,曇,晴,雨
940713,7,晴,曇,晴,曇,晴
940712,7,曇,晴,曇,雨,晴
940711,7,晴,曇,雨,曇,晴
940710,7,曇,雨,曇,雨,曇
940709,7,雨,曇,雨,晴,曇
940708,7,曇,雨,晴,晴,曇
940707,7,雨,晴,晴,晴,曇
940706,7,晴,晴,晴,曇,曇
940705,7,晴,晴,曇,曇,雨
940704,7,晴,曇,曇,曇,晴
940703,7,曇,曇,曇,曇,晴
940702,7,曇,曇,曇,曇,雨
940701,7,曇,曇,曇,雨,曇
940630,6,曇,曇,雨,晴,曇
940629,6,曇,雨,晴,晴,晴
940628,6,雨,晴,晴,雨,曇
940627,6,晴,晴,雨,曇,雨
940626,6,晴,雨,曇,曇,雨
940625,6,雨,曇,曇,晴,曇
940624,6,曇,曇,晴,曇,晴
940623,6,曇,晴,曇,雨,曇
940622,6,晴,曇,雨,雨,晴
940621,6,曇,雨,雨,曇,雨
940620,6,雨,雨,曇,晴,雨
940619,6,雨,曇,晴,曇,雨
940618,6,曇,晴,曇,晴,曇
940617,6,晴,曇,晴,雨,曇
940616,6,曇,晴,雨,雨,雨
940615,6,晴,雨,雨,雨,晴
940614,6,雨,雨,雨,曇,曇
940613,6,雨,雨,曇,曇,晴
940612,6,雨,曇,曇,雨,晴
940611,6,曇,曇,雨,晴,晴
940610,6,曇,雨,晴,曇,晴
940609,6,雨,晴,曇,晴,晴
940608,6,晴,曇,晴,晴,雨
940607,6,曇,晴,晴,晴,曇
940606,6,晴,晴,晴,晴,雨
940605,6,晴,晴,晴,晴,曇
940604,6,晴,晴,晴,雨,雨
940603,6,晴,晴,雨,曇,雨
940602,6,晴,雨,曇,雨,雨
940601,6,雨,曇,雨,曇,晴
940531,5,曇,雨,曇,雨,晴
940530,5,雨,曇,雨,雨,晴
940529,5,曇,雨,雨,雨,晴
940528,5,雨,雨,雨,晴,晴
940527,5,雨,雨,晴,晴,晴
940526,5,雨,晴,晴,晴,晴
940525,5,晴,晴,晴,晴,晴
940524,5,晴,晴,晴,晴,晴
940523,5,晴,晴,晴,晴,晴
940522,5,晴,晴,晴,晴,雨
940521,5,晴,晴,晴,晴,晴
940520,5,晴,晴,晴,晴,晴
940519,5,晴,晴,晴,晴,雨
940518,5,晴,晴,晴,雨,雨
940517,5,晴,晴,雨,晴,晴
940516,5,晴,雨,晴,晴,晴
940515,5,雨,晴,晴,雨,晴
940514,5,晴,晴,雨,雨,晴
940513,5,晴,雨,雨,晴,晴
940512,5,雨,雨,晴,晴,雨
940511,5,雨,晴,晴,晴,雨
940510,5,晴,晴,晴,晴,曇
940509,5,晴,晴,晴,晴,曇
940508,5,晴,晴,晴,雨,曇
940507,5,晴,晴,雨,雨,晴
940506,5,晴,雨,雨,曇,晴
940505,5,雨,雨,曇,曇,雨
940504,5,雨,曇,曇,曇,曇
940503,5,曇,曇,曇,晴,晴
940502,5,曇,曇,晴,晴,雨
940501,5,曇,晴,晴,雨,雨
940430,4,晴,晴,雨,曇,曇
940429,4,晴,雨,曇,晴,晴
940428,4,雨,曇,晴,雨,晴
940427,4,曇,晴,雨,雨,曇
940426,4,晴,雨,雨,曇,雨
940425,4,雨,雨,曇,晴,晴
940424,4,雨,曇,晴,晴,晴
940423,4,曇,晴,晴,曇,晴
940422,4,晴,晴,曇,雨,晴
940421,4,晴,曇,雨,晴,晴
940420,4,曇,雨,晴,晴,雨
940419,4,雨,晴,晴,晴,雨
940418,4,晴,晴,晴,晴,晴
940417,4,晴,晴,晴,晴,曇
940416,4,晴,晴,晴,雨,雨
940415,4,晴,晴,雨,雨,雨
940414,4,晴,雨,雨,晴,曇
940413,4,雨,雨,晴,曇,晴
940412,4,雨,晴,曇,雨,晴
940411,4,晴,曇,雨,雨,曇
940410,4,曇,雨,雨,曇,晴
940409,4,雨,雨,曇,晴,雨
940408,4,雨,曇,晴,晴,晴
940407,4,曇,晴,晴,曇,晴
940406,4,晴,晴,曇,晴,晴
940405,4,晴,曇,晴,雨,晴
940404,4,曇,晴,雨,晴,晴
940403,4,晴,雨,晴,晴,晴
940402,4,雨,晴,晴,晴,晴
940401,4,晴,晴,晴,晴,晴
940331,3,晴,晴,晴,晴,雨
940330,3,晴,晴,晴,晴,雨
940329,3,晴,晴,晴,晴,雨
940328,3,晴,晴,晴,晴,晴
940327,3,晴,晴,晴,雨,晴
940326,3,晴,晴,雨,雨,曇
940325,3,晴,雨,雨,雨,晴
940324,3,雨,雨,雨,晴,晴
940323,3,雨,雨,晴,晴,晴
940322,3,雨,晴,晴,曇,曇
940321,3,晴,晴,曇,晴,曇
940320,3,晴,曇,晴,晴,曇
940319,3,曇,晴,晴,晴,晴
940318,3,晴,晴,晴,曇,晴
940317,3,晴,晴,曇,曇,雨
940316,3,晴,曇,曇,曇,雨
940315,3,曇,曇,曇,晴,雨
940314,3,曇,曇,晴,晴,晴
940313,3,曇,晴,晴,雨,晴
940312,3,晴,晴,雨,雨,晴
940311,3,晴,雨,雨,雨,雨
940310,3,雨,雨,雨,晴,曇
940309,3,雨,雨,晴,晴,曇
940308,3,雨,晴,晴,晴,晴
940307,3,晴,晴,晴,雨,曇
940306,3,晴,晴,雨,曇,晴
940305,3,晴,雨,曇,曇,晴
940304,3,雨,曇,曇,晴,晴
940303,3,曇,曇,晴,曇,晴
940302,3,曇,晴,曇,晴,晴
940301,3,晴,曇,晴,晴,晴
940228,2,曇,晴,晴,晴,雨
940227,2,晴,晴,晴,晴,晴
940226,2,晴,晴,晴,晴,晴
940225,2,晴,晴,晴,晴,晴
940224,2,晴,晴,晴,雨,晴
940223,2,晴,晴,雨,晴,曇
940222,2,晴,雨,晴,晴,晴
940221,2,雨,晴,晴,晴,晴
940220,2,晴,晴,晴,晴,晴
940219,2,晴,晴,晴,曇,雪
940218,2,晴,晴,曇,晴,晴
940217,2,晴,曇,晴,晴,晴
940216,2,曇,晴,晴,晴,雨
940215,2,晴,晴,晴,雪,雨
940214,2,晴,晴,雪,晴,晴
940213,2,晴,雪,晴,晴,晴
940212,2,雪,晴,晴,雨,晴
940211,2,晴,晴,雨,雨,晴
940210,2,晴,雨,雨,晴,晴
940209,2,雨,雨,晴,晴,晴
940208,2,雨,晴,晴,晴,雨
940207,2,晴,晴,晴,晴,晴
940206,2,晴,晴,晴,晴,晴
940205,2,晴,晴,晴,晴,雪
940204,2,晴,晴,晴,雨,雨
940203,2,晴,晴,雨,晴,晴
940202,2,晴,雨,晴,晴,晴
940201,2,雨,晴,晴,雪,晴
940131,1,晴,晴,雪,雨,晴
940130,1,晴,雪,雨,晴,晴
940129,1,雪,雨,晴,晴,晴
940128,1,雨,晴,晴,晴,曇
940127,1,晴,晴,晴,晴,晴
940126,1,晴,晴,晴,晴,雨
940125,1,晴,晴,晴,晴,雨
940124,1,晴,晴,晴,曇,雨
940123,1,晴,晴,曇,晴,晴
940122,1,晴,曇,晴,雨,晴
940121,1,曇,晴,雨,雨,雪
940120,1,晴,雨,雨,雨,雨
940119,1,雨,雨,雨,晴,晴
940118,1,雨,雨,晴,晴,雨
940117,1,雨,晴,晴,雪,晴
940116,1,晴,晴,雪,雨,晴
940115,1,晴,雪,雨,晴,曇
940114,1,雪,雨,晴,雨,晴
940113,1,雨,晴,雨,晴,晴
940112,1,晴,雨,晴,晴,晴
940111,1,雨,晴,晴,曇,晴
940110,1,晴,晴,曇,晴,晴
940109,1,晴,曇,晴,晴,晴
940108,1,曇,晴,晴,晴,晴
940107,1,晴,晴,晴,晴,曇
940106,1,晴,晴,晴,晴,晴
940105,1,晴,晴,晴,晴,晴
940104,1,晴,晴,晴,晴,晴
940103,1,晴,晴,晴,曇,晴
940102,1,晴,晴,曇,晴,雨
940101,1,晴,曇,晴,晴,晴
931231,12,曇,晴,晴,晴,晴
931230,12,晴,晴,晴,晴,晴
931229,12,晴,晴,晴,雨,晴
931228,12,晴,晴,雨,晴,晴
931227,12,晴,雨,晴,晴,雨
931226,12,雨,晴,晴,晴,晴
931225,12,晴,晴,晴,晴,晴
931224,12,晴,晴,晴,晴,雨
931223,12,晴,晴,晴,雨,雨
931222,12,晴,晴,雨,晴,晴
931221,12,晴,雨,晴,晴,雨
931220,12,雨,晴,晴,雨,晴
931219,12,晴,晴,雨,雨,晴
931218,12,晴,雨,雨,晴,雨
931217,12,雨,雨,晴,雨,雨
931216,12,雨,晴,雨,晴,晴
931215,12,晴,雨,晴,晴,雨
931214,12,雨,晴,晴,雨,晴
931213,12,晴,晴,雨,雨,雨
931212,12,晴,雨,雨,晴,晴
931211,12,雨,雨,晴,雨,曇
931210,12,雨,晴,雨,晴,晴
931209,12,晴,雨,晴,雨,晴
931208,12,雨,晴,雨,晴,曇
931207,12,晴,雨,晴,曇,曇
931206,12,雨,晴,曇,晴,晴
931205,12,晴,曇,晴,晴,晴
931204,12,曇,晴,晴,曇,曇
931203,12,晴,晴,曇,曇,晴
931202,12,晴,曇,曇,晴,晴
931201,12,曇,曇,晴,晴,晴
931130,11,曇,晴,晴,曇,晴
931129,11,晴,晴,曇,晴,晴
931128,11,晴,曇,晴,晴,雨
931127,11,曇,晴,晴,晴,雨
931126,11,晴,晴,晴,晴,晴
931125,11,晴,晴,晴,晴,曇
931124,11,晴,晴,晴,雨,晴
931123,11,晴,晴,雨,雨,晴
931122,11,晴,雨,雨,晴,晴
931121,11,雨,雨,晴,曇,雨
931120,11,雨,晴,曇,晴,雨
931119,11,晴,曇,晴,晴,雨
931118,11,曇,晴,晴,晴,雨
931117,11,晴,晴,晴,雨,曇
931116,11,晴,晴,雨,雨,晴
931115,11,晴,雨,雨,雨,雨
931114,11,雨,雨,雨,雨,曇
931113,11,雨,雨,雨,曇,晴
931112,11,雨,雨,曇,晴,晴
931111,11,雨,曇,晴,雨,晴
931110,11,曇,晴,雨,曇,晴
931109,11,晴,雨,曇,晴,晴
931108,11,雨,曇,晴,晴,晴
931107,11,曇,晴,晴,晴,晴
931106,11,晴,晴,晴,晴,雨
931105,11,晴,晴,晴,晴,晴
931104,11,晴,晴,晴,晴,晴
931103,11,晴,晴,晴,晴,晴
931102,11,晴,晴,晴,雨,晴
931101,11,晴,晴,雨,晴,晴
931031,10,晴,雨,晴,晴,晴
931030,10,雨,晴,晴,晴,晴
931029,10,晴,晴,晴,晴,晴
931028,10,晴,晴,晴,晴,雨
931027,10,晴,晴,晴,晴,晴
931026,10,晴,晴,晴,晴,曇
931025,10,晴,晴,晴,晴,曇
931024,10,晴,晴,晴,雨,雨
931023,10,晴,晴,雨,晴,雨
931022,10,晴,雨,晴,曇,曇
931021,10,雨,晴,曇,曇,雨
931020,10,晴,曇,曇,雨,晴
931019,10,曇,曇,雨,雨,晴
931018,10,曇,雨,雨,曇,晴
931017,10,雨,雨,曇,雨,晴
931016,10,雨,曇,雨,晴,晴
931015,10,曇,雨,晴,晴,雨
931014,10,雨,晴,晴,晴,雨
931013,10,晴,晴,晴,晴,曇
931012,10,晴,晴,晴,晴,曇
931011,10,晴,晴,晴,雨,雨
931010,10,晴,晴,雨,雨,雨
931009,10,晴,雨,雨,曇,晴
931008,10,雨,雨,曇,曇,雨
931007,10,雨,曇,曇,雨,曇
931006,10,曇,曇,雨,雨,曇
931005,10,曇,雨,雨,晴,晴
931004,10,雨,雨,晴,雨,晴
931003,10,雨,晴,雨,曇,晴
931002,10,晴,雨,曇,曇,曇
931001,10,雨,曇,曇,晴,曇
930930,9,曇,曇,晴,晴,雨
930929,9,曇,晴,晴,晴,雨
930928,9,晴,晴,晴,曇,雨
930927,9,晴,晴,曇,曇,曇
930926,9,晴,曇,曇,雨,曇
930925,9,曇,曇,雨,雨,晴
930924,9,曇,雨,雨,雨,曇
930923,9,雨,雨,雨,曇,晴
930922,9,雨,雨,曇,曇,晴
930921,9,雨,曇,曇,晴,雨
930920,9,曇,曇,晴,曇,雨
930919,9,曇,晴,曇,晴,曇
930918,9,晴,曇,晴,晴,曇
930917,9,曇,晴,晴,雨,晴
930916,9,晴,晴,雨,雨,雨
930915,9,晴,雨,雨,曇,雨
930914,9,雨,雨,曇,曇,雨
930913,9,雨,曇,曇,晴,曇
930912,9,曇,曇,晴,雨,晴
930911,9,曇,晴,雨,雨,雨
930910,9,晴,雨,雨,雨,雨
930909,9,雨,雨,雨,曇,曇
930908,9,雨,雨,曇,晴,晴
930907,9,雨,曇,晴,雨,曇
930906,9,曇,晴,雨,雨,雨
930905,9,晴,雨,雨,曇,晴
930904,9,雨,雨,曇,晴,晴
930903,9,雨,曇,晴,曇,雨
930902,9,曇,晴,曇,雨,雨
930901,9,晴,曇,雨,晴,晴
930831,8,曇,雨,晴,晴,晴
930830,8,雨,晴,晴,雨,晴
930829,8,晴,晴,雨,雨,晴
930828,8,晴,雨,雨,晴,曇
930827,8,雨,雨,晴,晴,曇
930826,8,雨,晴,晴,晴,晴
930825,8,晴,晴,晴,晴,曇
930824,8,晴,晴,晴,曇,曇
930823,8,晴,晴,曇,曇,雨
930822,8,晴,曇,曇,晴,曇
930821,8,曇,曇,晴,曇,曇
930820,8,曇,晴,曇,曇,曇
930819,8,晴,曇,曇,雨,晴
930818,8,曇,曇,雨,曇,雨
930817,8,曇,雨,曇,曇,雨
930816,8,雨,曇,曇,曇,曇
930815,8,曇,曇,曇,晴,曇
930814,8,曇,曇,晴,雨,曇
930813,8,曇,晴,雨,雨,雨
930812,8,晴,雨,雨,曇,曇
930811,8,雨,雨,曇,曇,曇
930810,8,雨,曇,曇,曇,雨
930809,8,曇,曇,曇,雨,曇
930808,8,曇,曇,雨,曇,雨
930807,8,曇,雨,曇,曇,雨
930806,8,雨,曇,曇,雨,雨
930805,8,曇,曇,雨,曇,晴
930804,8,曇,雨,曇,雨,晴
930803,8,雨,曇,雨,雨,曇
930802,8,曇,雨,雨,雨,雨
930801,8,雨,雨,雨,晴,雨
930731,7,雨,雨,晴,晴,雨
930730,7,雨,晴,晴,曇,曇
930729,7,晴,晴,曇,雨,曇
930728,7,晴,曇,雨,雨,雨
930727,7,曇,雨,雨,雨,雨
930726,7,雨,雨,雨,曇,雨
930725,7,雨,雨,曇,曇,雨
930724,7,雨,曇,曇,雨,雨
930723,7,曇,曇,雨,雨,曇
930722,7,曇,雨,雨,雨,雨
930721,7,雨,雨,雨,雨,曇
930720,7,雨,雨,雨,雨,曇
930719,7,雨,雨,雨,曇,雨
930718,7,雨,雨,曇,雨,曇
930717,7,雨,曇,雨,曇,曇
930716,7,曇,雨,曇,曇,曇
930715,7,雨,曇,曇,雨,曇
930714,7,曇,曇,雨,曇,雨
930713,7,曇,雨,曇,曇,晴
930712,7,雨,曇,曇,曇,雨
930711,7,曇,曇,曇,曇,晴
930710,7,曇,曇,曇,雨,雨
930709,7,曇,曇,雨,晴,雨
930708,7,曇,雨,晴,雨,雨
930707,7,雨,晴,雨,晴,雨
930706,7,晴,雨,晴,雨,雨
930705,7,雨,晴,雨,雨,晴
930704,7,晴,雨,雨,雨,晴
930703,7,雨,雨,雨,雨,雨
930702,7,雨,雨,雨,雨,曇
930701,7,雨,雨,雨,晴,雨
930630,6,雨,雨,晴,晴,雨
930629,6,雨,晴,晴,雨,晴
930628,6,晴,晴,雨,曇,雨
930627,6,晴,雨,曇,雨,雨
930626,6,雨,曇,雨,雨,雨
930625,6,曇,雨,雨,晴,曇
930624,6,雨,雨,晴,雨,晴
930623,6,雨,晴,雨,雨,晴
930622,6,晴,雨,雨,雨,曇
930621,6,雨,雨,雨,曇,雨
930620,6,雨,雨,曇,晴,雨
930619,6,雨,曇,晴,晴,晴
930618,6,曇,晴,晴,曇,雨
930617,6,晴,晴,曇,雨,雨
930616,6,晴,曇,雨,雨,雨
930615,6,曇,雨,雨,晴,曇
930614,6,雨,雨,晴,雨,曇
930613,6,雨,晴,雨,雨,雨
930612,6,晴,雨,雨,雨,雨
930611,6,雨,雨,雨,曇,晴
930610,6,雨,雨,曇,曇,雨
930609,6,雨,曇,曇,雨,雨
930608,6,曇,曇,雨,雨,晴
930607,6,曇,雨,雨,晴,曇
930606,6,雨,雨,晴,雨,曇
930605,6,雨,晴,雨,雨,晴
930604,6,晴,雨,雨,晴,晴
930603,6,雨,雨,晴,曇,晴
930602,6,雨,晴,曇,曇,晴
930601,6,晴,曇,曇,晴,晴
930531,5,曇,曇,晴,晴,曇
930530,5,曇,晴,晴,晴,雨
930529,5,晴,晴,晴,晴,雨
930528,5,晴,晴,晴,晴,晴
930527,5,晴,晴,晴,曇,曇
930526,5,晴,晴,曇,雨,晴
930525,5,晴,曇,雨,雨,雨
930524,5,曇,雨,雨,晴,晴
930523,5,雨,雨,晴,曇,晴
930522,5,雨,晴,曇,晴,晴
930521,5,晴,曇,晴,雨,雨
930520,5,曇,晴,雨,晴,晴
930519,5,晴,雨,晴,晴,晴
930518,5,雨,晴,晴,晴,雨
930517,5,晴,晴,晴,雨,雨
930516,5,晴,晴,雨,晴,雨
930515,5,晴,雨,晴,晴,曇
930514,5,雨,晴,晴,雨,晴
930513,5,晴,晴,雨,雨,晴
930512,5,晴,雨,雨,雨,曇
930511,5,雨,雨,雨,曇,晴
930510,5,雨,雨,曇,晴,雨
930509,5,雨,曇,晴,晴,雨
930508,5,曇,晴,晴,曇,晴
930507,5,晴,晴,曇,晴,雨
930506,5,晴,曇,晴,雨,雨
930505,5,曇,晴,雨,雨,雨
930504,5,晴,雨,雨,晴,晴
930503,5,雨,雨,晴,雨,晴
930502,5,雨,晴,雨,雨,晴
930501,5,晴,雨,雨,雨,晴
930430,4,雨,雨,雨,晴,晴
930429,4,雨,雨,晴,晴,雨
930428,4,雨,晴,晴,晴,曇
930427,4,晴,晴,晴,晴,曇
930426,4,晴,晴,晴,晴,晴
930425,4,晴,晴,晴,雨,晴
930424,4,晴,晴,雨,曇,晴
930423,4,晴,雨,曇,曇,晴
930422,4,雨,曇,曇,晴,晴
930421,4,曇,曇,晴,晴,晴
930420,4,曇,晴,晴,晴,雨
930419,4,晴,晴,晴,晴,雨
930418,4,晴,晴,晴,晴,晴
930417,4,晴,晴,晴,晴,晴
930416,4,晴,晴,晴,雨,雨
930415,4,晴,晴,雨,雨,晴
930414,4,晴,雨,雨,晴,晴
930413,4,雨,雨,晴,晴,曇
930412,4,雨,晴,晴,雨,雨
930411,4,晴,晴,雨,晴,雨
930410,4,晴,雨,晴,晴,晴
930409,4,雨,晴,晴,曇,晴
930408,4,晴,晴,曇,雨,雨
930407,4,晴,曇,雨,雨,雨
930406,4,曇,雨,雨,晴,晴
930405,4,雨,雨,晴,晴,雨
930404,4,雨,晴,晴,雨,雨
930403,4,晴,晴,雨,雨,晴
930402,4,晴,雨,雨,晴,曇
930401,4,雨,雨,晴,雨,晴
930331,3,雨,晴,雨,雨,雨
930330,3,晴,雨,雨,晴,晴
930329,3,雨,雨,晴,曇,晴
930328,3,雨,晴,曇,晴,晴
930327,3,晴,曇,晴,雨,晴
930326,3,曇,晴,雨,晴,雨
930325,3,晴,雨,晴,晴,晴
930324,3,雨,晴,晴,晴,晴
930323,3,晴,晴,晴,晴,雨
930322,3,晴,晴,晴,雨,雨
930321,3,晴,晴,雨,晴,晴
930320,3,晴,雨,晴,晴,晴
930319,3,雨,晴,晴,雨,雨
930318,3,晴,晴,雨,雨,晴
930317,3,晴,雨,雨,晴,雨
930316,3,雨,雨,晴,晴,晴
930315,3,雨,晴,晴,雨,晴
930314,3,晴,晴,雨,晴,曇
930313,3,晴,雨,晴,雨,晴
930312,3,雨,晴,雨,晴,晴
930311,3,晴,雨,晴,晴,晴
930310,3,雨,晴,晴,曇,晴
930309,3,晴,晴,曇,晴,晴
930308,3,晴,曇,晴,晴,雨
930307,3,曇,晴,晴,晴,雨
930306,3,晴,晴,晴,晴,晴
930305,3,晴,晴,晴,晴,晴
930304,3,晴,晴,晴,雨,晴
930303,3,晴,晴,雨,雨,晴
930302,3,晴,雨,雨,晴,雨
930301,3,雨,雨,晴,晴,雨
930228,2,雨,晴,晴,晴,雨
930227,2,晴,晴,晴,晴,晴
930226,2,晴,晴,晴,雨,晴
930225,2,晴,晴,雨,雨,晴
930224,2,晴,雨,雨,雨,雨
930223,2,雨,雨,雨,晴,晴
930222,2,雨,雨,晴,晴,晴
930221,2,雨,晴,晴,晴,晴
930220,2,晴,晴,晴,雨,晴
930219,2,晴,晴,雨,晴,晴
930218,2,晴,雨,晴,晴,晴
930217,2,雨,晴,晴,晴,晴
930216,2,晴,晴,晴,晴,晴
930215,2,晴,晴,晴,晴,晴
930214,2,晴,晴,晴,晴,晴
930213,2,晴,晴,晴,晴,晴
930212,2,晴,晴,晴,晴,晴
930211,2,晴,晴,晴,晴,晴
930210,2,晴,晴,晴,晴,晴
930209,2,晴,晴,晴,晴,晴
930208,2,晴,晴,晴,晴,雨
930207,2,晴,晴,晴,晴,晴
930206,2,晴,晴,晴,晴,晴
930205,2,晴,晴,晴,晴,晴
930204,2,晴,晴,晴,雨,雨
930203,2,晴,晴,雨,晴,曇
930202,2,晴,雨,晴,晴,雨
930201,2,雨,晴,晴,晴,雨
930131,1,晴,晴,晴,雨,雨
930130,1,晴,晴,雨,曇,晴
930129,1,晴,雨,曇,雨,晴
930128,1,雨,曇,雨,雨,晴
930127,1,曇,雨,雨,雨,晴
930126,1,雨,雨,雨,晴,晴
930125,1,雨,雨,晴,晴,曇
930124,1,雨,晴,晴,晴,晴
930123,1,晴,晴,晴,晴,雨
930122,1,晴,晴,晴,晴,雨
930121,1,晴,晴,晴,曇,雨
930120,1,晴,晴,曇,晴,曇
930119,1,晴,曇,晴,雨,晴
930118,1,曇,晴,雨,雨,曇
930117,1,晴,雨,雨,雨,曇
930116,1,雨,雨,雨,曇,雨
930115,1,雨,雨,曇,晴,晴
930114,1,雨,曇,晴,曇,雨
930113,1,曇,晴,曇,曇,晴
930112,1,晴,曇,曇,雨,晴
930111,1,曇,曇,雨,晴,曇
930110,1,曇,雨,晴,雨,晴
930109,1,雨,晴,雨,晴,晴
930108,1,晴,雨,晴,晴,晴
930107,1,雨,晴,晴,曇,晴
930106,1,晴,晴,曇,晴,晴
930105,1,晴,曇,晴,晴,晴
930104,1,曇,晴,晴,晴,晴
930103,1,晴,晴,晴,晴,晴
930102,1,晴,晴,晴,晴,晴
930101,1,晴,晴,晴,晴,晴
921231,12,晴,晴,晴,晴,晴
921230,12,晴,晴,晴,晴,晴
921229,12,晴,晴,晴,晴,晴
921228,12,晴,晴,晴,晴,晴
921227,12,晴,晴,晴,晴,曇
921226,12,晴,晴,晴,晴,晴
921225,12,晴,晴,晴,晴,晴
921224,12,晴,晴,晴,晴,晴
921223,12,晴,晴,晴,曇,晴
921222,12,晴,晴,曇,晴,晴
921221,12,晴,曇,晴,晴,晴
921220,12,曇,晴,晴,晴,晴
921219,12,晴,晴,晴,晴,晴
921218,12,晴,晴,晴,晴,晴
921217,12,晴,晴,晴,晴,雨
921216,12,晴,晴,晴,晴,曇
921215,12,晴,晴,晴,晴,雨
921214,12,晴,晴,晴,晴,雨
921213,12,晴,晴,晴,雨,晴
921212,12,晴,晴,雨,曇,晴
921211,12,晴,雨,曇,雨,晴
921210,12,雨,曇,雨,雨,曇
921209,12,曇,雨,雨,晴,曇
921208,12,雨,雨,晴,晴,雨
921207,12,雨,晴,晴,晴,晴
921206,12,晴,晴,晴,曇,雨
921205,12,晴,晴,曇,曇,雨
921204,12,晴,曇,曇,雨,晴
921203,12,曇,曇,雨,晴,晴
921202,12,曇,雨,晴,雨,晴
921201,12,雨,晴,雨,雨,晴
921130,11,晴,雨,雨,晴,晴
921129,11,雨,雨,晴,晴,晴
921128,11,雨,晴,晴,晴,雨
921127,11,晴,晴,晴,晴,雨
921126,11,晴,晴,晴,晴,雨
921125,11,晴,晴,晴,晴,晴
921124,11,晴,晴,晴,雨,晴
921123,11,晴,晴,雨,雨,晴
921122,11,晴,雨,雨,雨,晴
921121,11,雨,雨,雨,晴,晴
921120,11,雨,雨,晴,晴,晴
921119,11,雨,晴,晴,晴,晴
921118,11,晴,晴,晴,晴,晴
921117,11,晴,晴,晴,晴,雨
921116,11,晴,晴,晴,晴,雨
921115,11,晴,晴,晴,晴,曇
921114,11,晴,晴,晴,晴,雨
921113,11,晴,晴,晴,雨,曇
921112,11,晴,晴,雨,雨,晴
921111,11,晴,雨,雨,曇,晴
921110,11,雨,雨,曇,雨,晴
921109,11,雨,曇,雨,曇,晴
921108,11,曇,雨,曇,晴,晴
921107,11,雨,曇,晴,晴,晴
921106,11,曇,晴,晴,晴,晴
921105,11,晴,晴,晴,晴,雨
921104,11,晴,晴,晴,晴,晴
921103,11,晴,晴,晴,晴,晴
921102,11,晴,晴,晴,晴,晴
921101,11,晴,晴,晴,雨,雨
921031,10,晴,晴,雨,晴,雨
921030,10,晴,雨,晴,晴,晴
921029,10,雨,晴,晴,晴,晴
921028,10,晴,晴,晴,雨,曇
921027,10,晴,晴,雨,雨,雨
921026,10,晴,雨,雨,晴,雨
921025,10,雨,雨,晴,晴,曇
921024,10,雨,晴,晴,曇,晴
921023,10,晴,晴,曇,雨,曇
921022,10,晴,曇,雨,雨,雨
921021,10,曇,雨,雨,曇,雨
921020,10,雨,雨,曇,晴,雨
921019,10,雨,曇,晴,曇,雨
921018,10,曇,晴,曇,雨,曇
921017,10,晴,曇,雨,雨,晴
921016,10,曇,雨,雨,雨,雨
921015,10,雨,雨,雨,雨,雨
921014,10,雨,雨,雨,曇,晴
921013,10,雨,雨,曇,晴,雨
921012,10,雨,曇,晴,雨,雨
921011,10,曇,晴,雨,雨,晴
921010,10,晴,雨,雨,晴,曇
921009,10,雨,雨,晴,雨,雨
921008,10,雨,晴,雨,雨,雨
921007,10,晴,雨,雨,晴,雨
921006,10,雨,雨,晴,曇,雨
921005,10,雨,晴,曇,雨,晴
921004,10,晴,曇,雨,雨,晴
921003,10,曇,雨,雨,雨,雨
921002,10,雨,雨,雨,雨,雨
921001,10,雨,雨,雨,晴,曇
920930,9,雨,雨,晴,晴,晴
920929,9,雨,晴,晴,雨,晴
920928,9,晴,晴,雨,雨,曇
920927,9,晴,雨,雨,曇,曇
920926,9,雨,雨,曇,晴,雨
920925,9,雨,曇,晴,晴,雨
920924,9,曇,晴,晴,曇,曇
920923,9,晴,晴,曇,曇,晴
920922,9,晴,曇,曇,雨,雨
920921,9,曇,曇,雨,雨,晴
920920,9,曇,雨,雨,曇,晴
920919,9,雨,雨,曇,晴,晴
920918,9,雨,曇,晴,雨,晴
920917,9,曇,晴,雨,晴,晴
920916,9,晴,雨,晴,晴,晴
920915,9,雨,晴,晴,晴,晴
920914,9,晴,晴,晴,晴,晴
920913,9,晴,晴,晴,晴,晴
920912,9,晴,晴,晴,晴,晴
920911,9,晴,晴,晴,晴,晴
920910,9,晴,晴,晴,晴,晴
920909,9,晴,晴,晴,晴,曇
920908,9,晴,晴,晴,晴,晴
920907,9,晴,晴,晴,晴,晴
920906,9,晴,晴,晴,晴,晴
920905,9,晴,晴,晴,曇,晴
920904,9,晴,晴,曇,晴,晴
920903,9,晴,曇,晴,晴,晴
920902,9,曇,晴,晴,晴,晴
920901,9,晴,晴,晴,晴,晴
920831,8,晴,晴,晴,晴,晴
920830,8,晴,晴,晴,晴,晴
920829,8,晴,晴,晴,晴,晴
920828,8,晴,晴,晴,晴,曇
920827,8,晴,晴,晴,晴,晴
920826,8,晴,晴,晴,晴,晴
920825,8,晴,晴,晴,晴,晴
920824,8,晴,晴,晴,曇,晴
920823,8,晴,晴,曇,晴,晴
920822,8,晴,曇,晴,晴,晴
920821,8,曇,晴,晴,晴,晴
920820,8,晴,晴,晴,晴,曇
920819,8,晴,晴,晴,晴,雨
920818,8,晴,晴,晴,晴,曇
920817,8,晴,晴,晴,晴,晴
920816,8,晴,晴,晴,曇,晴
920815,8,晴,晴,曇,雨,晴
920814,8,晴,曇,雨,曇,晴
920813,8,曇,雨,曇,晴,晴
920812,8,雨,曇,晴,晴,曇
920811,8,曇,晴,晴,晴,雨
920810,8,晴,晴,晴,晴,曇
920809,8,晴,晴,晴,晴,雨
920808,8,晴,晴,晴,曇,雨
920807,8,晴,晴,曇,雨,晴
920806,8,晴,曇,雨,曇,晴
920805,8,曇,雨,曇,雨,晴
920804,8,雨,曇,雨,雨,晴
920803,8,曇,雨,雨,晴,曇
920802,8,雨,雨,晴,晴,曇
920801,8,雨,晴,晴,晴,曇
920731,7,晴,晴,晴,晴,晴
920730,7,晴,晴,晴,曇,晴
920729,7,晴,晴,曇,曇,曇
920728,7,晴,曇,曇,曇,晴
920727,7,曇,曇,曇,晴,晴
920726,7,曇,曇,晴,晴,晴
920725,7,曇,晴,晴,曇,雨
920724,7,晴,晴,曇,晴,曇
920723,7,晴,曇,晴,晴,晴
920722,7,曇,晴,晴,晴,雨
920721,7,晴,晴,晴,雨,雨
920720,7,晴,晴,雨,曇,雨
920719,7,晴,雨,曇,晴,曇
920718,7,雨,曇,晴,雨,曇
920717,7,曇,晴,雨,雨,晴
920716,7,晴,雨,雨,雨,雨
920715,7,雨,雨,雨,曇,晴
920714,7,雨,雨,曇,曇,曇
920713,7,雨,曇,曇,晴,曇
920712,7,曇,曇,晴,雨,曇
920711,7,曇,晴,雨,晴,曇
920710,7,晴,雨,晴,曇,晴
920709,7,雨,晴,曇,曇,雨
920708,7,晴,曇,曇,曇,雨
920707,7,曇,曇,曇,曇,雨
920706,7,曇,曇,曇,晴,曇
920705,7,曇,曇,晴,雨,晴
920704,7,曇,晴,雨,雨,曇
920703,7,晴,雨,雨,雨,晴
920702,7,雨,雨,雨,曇,晴
920701,7,雨,雨,曇,晴,雨
920630,6,雨,曇,晴,曇,雨
920629,6,曇,晴,曇,晴,晴
920628,6,晴,曇,晴,晴,雨
920627,6,曇,晴,晴,雨,雨
920626,6,晴,晴,雨,雨,晴
920625,6,晴,雨,雨,晴,雨
920624,6,雨,雨,晴,雨,曇
920623,6,雨,晴,雨,雨,晴
920622,6,晴,雨,雨,晴,雨
920621,6,雨,雨,晴,雨,曇
920620,6,雨,晴,雨,曇,曇
920619,6,晴,雨,曇,晴,曇
920618,6,雨,曇,晴,雨,雨
920617,6,曇,晴,雨,曇,曇
920616,6,晴,雨,曇,曇,曇
920615,6,雨,曇,曇,曇,雨
920614,6,曇,曇,曇,雨,雨
920613,6,曇,曇,雨,曇,晴
920612,6,曇,雨,曇,曇,曇
920611,6,雨,曇,曇,雨,晴
920610,6,曇,曇,雨,雨,晴
920609,6,曇,雨,雨,晴,晴
920608,6,雨,雨,晴,曇,晴
920607,6,雨,晴,曇,晴,雨
920606,6,晴,曇,晴,晴,雨
920605,6,曇,晴,晴,晴,晴
920604,6,晴,晴,晴,晴,曇
920603,6,晴,晴,晴,雨,晴
920602,6,晴,晴,雨,雨,雨
920601,6,晴,雨,雨,晴,晴
920531,5,雨,雨,晴,曇,雨
920530,5,雨,晴,曇,晴,雨
920529,5,晴,曇,晴,雨,雨
920528,5,曇,晴,雨,晴,晴
920527,5,晴,雨,晴,雨,雨
920526,5,雨,晴,雨,雨,晴
920525,5,晴,雨,雨,雨,雨
920524,5,雨,雨,雨,晴,晴
920523,5,雨,雨,晴,雨,雨
920522,5,雨,晴,雨,晴,雨
920521,5,晴,雨,晴,雨,雨
920520,5,雨,晴,雨,晴,雨
920519,5,晴,雨,晴,雨,晴
920518,5,雨,晴,雨,雨,晴
920517,5,晴,雨,雨,雨,雨
920516,5,雨,雨,雨,雨,雨
920515,5,雨,雨,雨,晴,晴
920514,5,雨,雨,晴,晴,曇
920513,5,雨,晴,晴,雨,晴
920512,5,晴,晴,雨,雨,曇
920511,5,晴,雨,雨,晴,晴
920510,5,雨,雨,晴,曇,晴
920509,5,雨,晴,曇,晴,晴
920508,5,晴,曇,晴,曇,晴
920507,5,曇,晴,曇,晴,雨
920506,5,晴,曇,晴,晴,晴
920505,5,曇,晴,晴,晴,晴
920504,5,晴,晴,晴,晴,晴
920503,5,晴,晴,晴,雨,晴
920502,5,晴,晴,雨,晴,晴
920501,5,晴,雨,晴,晴,晴
920430,4,雨,晴,晴,晴,晴
920429,4,晴,晴,晴,晴,雨
920428,4,晴,晴,晴,晴,晴
920427,4,晴,晴,晴,晴,晴
920426,4,晴,晴,晴,晴,雨
920425,4,晴,晴,晴,雨,晴
920424,4,晴,晴,雨,晴,晴
920423,4,晴,雨,晴,晴,雨
920422,4,雨,晴,晴,雨,雨
920421,4,晴,晴,雨,晴,雨
920420,4,晴,雨,晴,晴,晴
920419,4,雨,晴,晴,雨,雨
920418,4,晴,晴,雨,雨,雨
920417,4,晴,雨,雨,雨,雨
920416,4,雨,雨,雨,晴,晴
920415,4,雨,雨,晴,雨,晴
920414,4,雨,晴,雨,雨,曇
920413,4,晴,雨,雨,雨,晴
920412,4,雨,雨,雨,晴,雨
920411,4,雨,雨,晴,晴,晴
920410,4,雨,晴,晴,曇,晴
920409,4,晴,晴,曇,晴,雨
920408,4,晴,曇,晴,雨,雨
920407,4,曇,晴,雨,晴,晴
920406,4,晴,雨,晴,晴,雨
920405,4,雨,晴,晴,雨,雨
920404,4,晴,晴,雨,雨,晴
920403,4,晴,雨,雨,晴,曇
920402,4,雨,雨,晴,雨,雨
920401,4,雨,晴,雨,雨,雨
920331,3,晴,雨,雨,晴,雨
920330,3,雨,雨,晴,曇,雨
920329,3,雨,晴,曇,雨,晴
920328,3,晴,曇,雨,雨,雨
920327,3,曇,雨,雨,雨,曇
920326,3,雨,雨,雨,雨,曇
920325,3,雨,雨,雨,晴,雨
920324,3,雨,雨,晴,雨,雨
920323,3,雨,晴,雨,曇,雨
920322,3,晴,雨,曇,曇,雨
920321,3,雨,曇,曇,雨,晴
920320,3,曇,曇,雨,雨,晴
920319,3,曇,雨,雨,雨,曇
920318,3,雨,雨,雨,雨,晴
920317,3,雨,雨,雨,晴,雨
920316,3,雨,雨,晴,晴,雨
920315,3,雨,晴,晴,曇,晴
920314,3,晴,晴,曇,晴,晴
920313,3,晴,曇,晴,雨,曇
920312,3,曇,晴,雨,雨,雨
920311,3,晴,雨,雨,晴,晴
920310,3,雨,雨,晴,晴,雨
920309,3,雨,晴,晴,曇,曇
920308,3,晴,晴,曇,雨,曇
920307,3,晴,曇,雨,晴,晴
920306,3,曇,雨,晴,雨,晴
920305,3,雨,晴,雨,曇,晴
920304,3,晴,雨,曇,曇,晴
920303,3,雨,曇,曇,晴,晴
920302,3,曇,曇,晴,晴,晴
920301,3,曇,晴,晴,晴,晴
920228,2,晴,晴,晴,晴,晴
920227,2,晴,晴,晴,晴,雨
920226,2,晴,晴,晴,晴,晴
920225,2,晴,晴,晴,晴,晴
920224,2,晴,晴,晴,晴,晴
920223,2,晴,晴,晴,雨,晴
920222,2,晴,晴,雨,晴,晴
920221,2,晴,雨,晴,晴,晴
920220,2,雨,晴,晴,晴,晴
920219,2,晴,晴,晴,晴,曇
920218,2,晴,晴,晴,晴,晴
920217,2,晴,晴,晴,晴,晴
920216,2,晴,晴,晴,晴,晴
920215,2,晴,晴,晴,曇,雨
920214,2,晴,晴,曇,晴,晴
920213,2,晴,曇,晴,晴,曇
920212,2,曇,晴,晴,晴,曇
920211,2,晴,晴,晴,雨,雨
920210,2,晴,晴,雨,晴,曇
920209,2,晴,雨,晴,曇,晴
920208,2,雨,晴,曇,曇,雪
920207,2,晴,曇,曇,雨,雪
920206,2,曇,曇,雨,曇,曇
920205,2,曇,雨,曇,晴,晴
920204,2,雨,曇,晴,雪,晴
920203,2,曇,晴,雪,雪,晴
920202,2,晴,雪,雪,曇,晴
920201,2,雪,雪,曇,晴,晴
920131,1,雪,曇,晴,晴,晴
920130,1,曇,晴,晴,晴,晴
920129,1,晴,晴,晴,晴,晴
920128,1,晴,晴,晴,晴,晴
920127,1,晴,晴,晴,晴,晴
920126,1,晴,晴,晴,晴,晴
920125,1,晴,晴,晴,晴,晴
920124,1,晴,晴,晴,晴,晴
920123,1,晴,晴,晴,晴,雨
920122,1,晴,晴,晴,晴,晴
920121,1,晴,晴,晴,晴,晴
920120,1,晴,晴,晴,晴,晴
920119,1,晴,晴,晴,雨,晴
920118,1,晴,晴,雨,晴,晴
920117,1,晴,雨,晴,晴,晴
920116,1,雨,晴,晴,晴,雨
920115,1,晴,晴,晴,晴,晴
920114,1,晴,晴,晴,晴,曇
920113,1,晴,晴,晴,晴,雨
920112,1,晴,晴,晴,雨,晴
920111,1,晴,晴,雨,晴,晴
920110,1,晴,雨,晴,曇,晴
920109,1,雨,晴,曇,雨,晴
920108,1,晴,曇,雨,晴,晴
920107,1,曇,雨,晴,晴,晴
920106,1,雨,晴,晴,晴,晴
920105,1,晴,晴,晴,晴,晴
920104,1,晴,晴,晴,晴,雨
920103,1,晴,晴,晴,晴,雪
920102,1,晴,晴,晴,晴,雨
920101,1,晴,晴,晴,晴,雨
911231,12,晴,晴,晴,雨,晴
911230,12,晴,晴,雨,雪,晴
911229,12,晴,雨,雪,雨,晴
911228,12,雨,雪,雨,雨,晴
911227,12,雪,雨,雨,晴,晴
911226,12,雨,雨,晴,晴,曇
911225,12,雨,晴,晴,晴,雨
911224,12,晴,晴,晴,晴,晴
911223,12,晴,晴,晴,晴,晴
911222,12,晴,晴,晴,曇,晴
911221,12,晴,晴,曇,雨,晴
911220,12,晴,曇,雨,晴,晴
911219,12,曇,雨,晴,晴,晴
911218,12,雨,晴,晴,晴,晴
911217,12,晴,晴,晴,晴,晴
911216,12,晴,晴,晴,晴,晴
911215,12,晴,晴,晴,晴,曇
911214,12,晴,晴,晴,晴,晴
911213,12,晴,晴,晴,晴,晴
911212,12,晴,晴,晴,晴,曇
911211,12,晴,晴,晴,曇,晴
911210,12,晴,晴,曇,晴,晴
911209,12,晴,曇,晴,晴,晴
911208,12,曇,晴,晴,曇,晴
911207,12,晴,晴,曇,晴,曇
911206,12,晴,曇,晴,晴,晴
911205,12,曇,晴,晴,晴,雨
911204,12,晴,晴,晴,晴,曇
911203,12,晴,晴,晴,曇,晴
911202,12,晴,晴,曇,晴,晴
911201,12,晴,曇,晴,雨,曇
911130,11,曇,晴,雨,曇,晴
911129,11,晴,雨,曇,晴,曇
911128,11,雨,曇,晴,晴,晴
911127,11,曇,晴,晴,曇,晴
911126,11,晴,晴,曇,晴,晴
911125,11,晴,曇,晴,曇,晴
911124,11,曇,晴,曇,晴,曇
911123,11,晴,曇,晴,晴,曇
911122,11,曇,晴,晴,晴,晴
911121,11,晴,晴,晴,晴,晴
911120,11,晴,晴,晴,曇,晴
911119,11,晴,晴,曇,曇,晴
911118,11,晴,曇,曇,晴,晴
911117,11,曇,曇,晴,晴,晴
911116,11,曇,晴,晴,晴,晴
911115,11,晴,晴,晴,晴,雨
911114,11,晴,晴,晴,晴,晴
911113,11,晴,晴,晴,晴,晴
911112,11,晴,晴,晴,晴,晴
911111,11,晴,晴,晴,雨,晴
911110,11,晴,晴,雨,晴,晴
911109,11,晴,雨,晴,晴,晴
911108,11,雨,晴,晴,晴,雨
911107,11,晴,晴,晴,晴,曇
911106,11,晴,晴,晴,晴,曇
911105,11,晴,晴,晴,晴,晴
911104,11,晴,晴,晴,雨,曇
911103,11,晴,晴,雨,曇,雨
911102,11,晴,雨,曇,曇,曇
911101,11,雨,曇,曇,晴,雨
911031,10,曇,曇,晴,曇,晴
911030,10,曇,晴,曇,雨,晴
911029,10,晴,曇,雨,曇,曇
911028,10,曇,雨,曇,雨,晴
911027,10,雨,曇,雨,晴,晴
911026,10,曇,雨,晴,晴,曇
911025,10,雨,晴,晴,曇,雨
911024,10,晴,晴,曇,晴,雨
911023,10,晴,曇,晴,晴,晴
911022,10,曇,晴,晴,曇,晴
911021,10,晴,晴,曇,雨,雨
911020,10,晴,曇,雨,雨,雨
911019,10,曇,雨,雨,晴,雨
911018,10,雨,雨,晴,晴,雨
911017,10,雨,晴,晴,雨,雨
911016,10,晴,晴,雨,雨,雨
911015,10,晴,雨,雨,雨,雨
911014,10,雨,雨,雨,雨,雨
911013,10,雨,雨,雨,雨,雨
911012,10,雨,雨,雨,雨,曇
911011,10,雨,雨,雨,雨,晴
911010,10,雨,雨,雨,雨,晴
911009,10,雨,雨,雨,雨,晴
911008,10,雨,雨,雨,曇,雨
911007,10,雨,雨,曇,晴,雨
911006,10,雨,曇,晴,晴,晴
911005,10,曇,晴,晴,晴,晴
911004,10,晴,晴,晴,雨,雨
911003,10,晴,晴,雨,雨,曇
911002,10,晴,雨,雨,晴,雨
911001,10,雨,雨,晴,晴,雨
910930,9,雨,晴,晴,雨,晴
910929,9,晴,晴,雨,曇,晴
910928,9,晴,雨,曇,雨,雨
910927,9,雨,曇,雨,雨,曇
910926,9,曇,雨,雨,晴,雨
910925,9,雨,雨,晴,晴,雨
910924,9,雨,晴,晴,雨,曇
910923,9,晴,晴,雨,曇,曇
910922,9,晴,雨,曇,雨,雨
910921,9,雨,曇,雨,雨,雨
910920,9,曇,雨,雨,曇,雨
910919,9,雨,雨,曇,曇,曇
910918,9,雨,曇,曇,雨,雨
910917,9,曇,曇,雨,雨,雨
910916,9,曇,雨,雨,雨,雨
910915,9,雨,雨,雨,曇,雨
910914,9,雨,雨,曇,雨,晴
910913,9,雨,曇,雨,雨,晴
910912,9,曇,雨,雨,雨,晴
910911,9,雨,雨,雨,雨,晴
910910,9,雨,雨,雨,晴,晴
910909,9,雨,雨,晴,晴,晴
910908,9,雨,晴,晴,晴,晴
910907,9,晴,晴,晴,晴,雨
910906,9,晴,晴,晴,晴,曇
910905,9,晴,晴,晴,晴,雨
910904,9,晴,晴,晴,晴,晴
910903,9,晴,晴,晴,雨,晴
910902,9,晴,晴,雨,曇,晴
910901,9,晴,雨,曇,雨,晴
910831,8,雨,曇,雨,晴,雨
910830,8,曇,雨,晴,晴,雨
910829,8,雨,晴,晴,晴,曇
910828,8,晴,晴,晴,晴,雨
910827,8,晴,晴,晴,雨,雨
910826,8,晴,晴,雨,雨,雨
910825,8,晴,雨,雨,曇,曇
910824,8,雨,雨,曇,雨,晴
910823,8,雨,曇,雨,雨,晴
910822,8,曇,雨,雨,雨,晴
910821,8,雨,雨,雨,曇,晴
910820,8,雨,雨,曇,晴,雨
910819,8,雨,曇,晴,晴,雨
910818,8,曇,晴,晴,晴,曇
910817,8,晴,晴,晴,晴,曇
910816,8,晴,晴,晴,雨,曇
910815,8,晴,晴,雨,雨,雨
910814,8,晴,雨,雨,曇,雨
910813,8,雨,雨,曇,曇,雨
910812,8,雨,曇,曇,曇,曇
910811,8,曇,曇,曇,雨,曇
910810,8,曇,曇,雨,雨,晴
910809,8,曇,雨,雨,雨,晴
910808,8,雨,雨,雨,曇,雨
910807,8,雨,雨,曇,曇,晴
910806,8,雨,曇,曇,晴,曇
910805,8,曇,曇,晴,晴,晴
910804,8,曇,晴,晴,雨,晴
910803,8,晴,晴,雨,晴,晴
910802,8,晴,雨,晴,曇,曇
910801,8,雨,晴,曇,晴,曇
910731,7,晴,曇,晴,晴,晴
910730,7,曇,晴,晴,晴,晴
910729,7,晴,晴,晴,曇,曇
910728,7,晴,晴,曇,曇,晴
910727,7,晴,曇,曇,晴,雨
910726,7,曇,曇,晴,晴,曇
910725,7,曇,晴,晴,曇,雨
910724,7,晴,晴,曇,晴,曇
910723,7,晴,曇,晴,雨,雨
910722,7,曇,晴,雨,曇,曇
910721,7,晴,雨,曇,雨,曇
910720,7,雨,曇,雨,曇,雨
910719,7,曇,雨,曇,雨,雨
910718,7,雨,曇,雨,曇,曇
910717,7,曇,雨,曇,曇,曇
910716,7,雨,曇,曇,雨,曇
910715,7,曇,曇,雨,雨,晴
910714,7,曇,雨,雨,曇,曇
910713,7,雨,雨,曇,曇,雨
910712,7,雨,曇,曇,曇,雨
910711,7,曇,曇,曇,晴,雨
910710,7,曇,曇,晴,曇,曇
910709,7,曇,晴,曇,雨,曇
910708,7,晴,曇,雨,雨,雨
910707,7,曇,雨,雨,雨,雨
910706,7,雨,雨,雨,曇,曇
910705,7,雨,雨,曇,曇,雨
910704,7,雨,曇,曇,雨,晴
910703,7,曇,曇,雨,雨,晴
910702,7,曇,雨,雨,曇,曇
910701,7,雨,雨,曇,雨,雨
910630,6,雨,曇,雨,晴,雨
910629,6,曇,雨,晴,晴,雨
910628,6,雨,晴,晴,曇,曇
910627,6,晴,晴,曇,雨,雨
910626,6,晴,曇,雨,雨,曇
910625,6,曇,雨,雨,雨,曇
910624,6,雨,雨,雨,曇,曇
910623,6,雨,雨,曇,雨,雨
910622,6,雨,曇,雨,曇,曇
910621,6,曇,雨,曇,曇,晴
910620,6,雨,曇,曇,曇,晴
910619,6,曇,曇,曇,雨,晴
910618,6,曇,曇,雨,曇,晴
910617,6,曇,雨,曇,晴,曇
910616,6,雨,曇,晴,晴,曇
910615,6,曇,晴,晴,晴,晴
910614,6,晴,晴,晴,晴,晴
910613,6,晴,晴,晴,曇,曇
910612,6,晴,晴,曇,曇,晴
910611,6,晴,曇,曇,晴,晴
910610,6,曇,曇,晴,晴,雨
910609,6,曇,晴,晴,曇,雨
910608,6,晴,晴,曇,晴,雨
910607,6,晴,曇,晴,晴,雨
910606,6,曇,晴,晴,雨,晴
910605,6,晴,晴,雨,雨,晴
910604,6,晴,雨,雨,雨,晴
910603,6,雨,雨,雨,雨,雨
910602,6,雨,雨,雨,晴,晴
910601,6,雨,雨,晴,晴,晴
910531,5,雨,晴,晴,晴,晴
910530,5,晴,晴,晴,雨,晴
910529,5,晴,晴,雨,晴,雨
910528,5,晴,雨,晴,晴,曇
910527,5,雨,晴,晴,晴,晴
910526,5,晴,晴,晴,晴,晴
910525,5,晴,晴,晴,雨,晴
910524,5,晴,晴,雨,曇,晴
910523,5,晴,雨,曇,晴,雨
910522,5,雨,曇,晴,晴,雨
910521,5,曇,晴,晴,晴,晴
910520,5,晴,晴,晴,晴,雨
910519,5,晴,晴,晴,雨,雨
910518,5,晴,晴,雨,雨,晴
910517,5,晴,雨,雨,晴,晴
910516,5,雨,雨,晴,雨,雨
910515,5,雨,晴,雨,雨,晴
910514,5,晴,雨,雨,晴,晴
910513,5,雨,雨,晴,晴,晴
910512,5,雨,晴,晴,雨,晴
910511,5,晴,晴,雨,晴,晴
910510,5,晴,雨,晴,晴,晴
910509,5,雨,晴,晴,晴,晴
910508,5,晴,晴,晴,晴,曇
910507,5,晴,晴,晴,晴,雨
910506,5,晴,晴,晴,晴,雨
910505,5,晴,晴,晴,晴,晴
910504,5,晴,晴,晴,曇,曇
910503,5,晴,晴,曇,雨,雨
910502,5,晴,曇,雨,雨,雨
910501,5,曇,雨,雨,晴,雨
910430,4,雨,雨,晴,曇,晴
910429,4,雨,晴,曇,雨,晴
910428,4,晴,曇,雨,雨,晴
910427,4,曇,雨,雨,雨,晴
910426,4,雨,雨,雨,晴,晴
910425,4,雨,雨,晴,晴,曇
910424,4,雨,晴,晴,晴,晴
910423,4,晴,晴,晴,晴,晴
910422,4,晴,晴,晴,晴,曇
910421,4,晴,晴,晴,曇,曇
910420,4,晴,晴,曇,晴,雨
910419,4,晴,曇,晴,晴,晴
910418,4,曇,晴,晴,曇,晴
910417,4,晴,晴,曇,曇,曇
910416,4,晴,曇,曇,雨,晴
910415,4,曇,曇,雨,晴,雨
910414,4,曇,雨,晴,晴,雨
910413,4,雨,晴,晴,曇,雨
910412,4,晴,晴,曇,晴,晴
910411,4,晴,曇,晴,雨,晴
910410,4,曇,晴,雨,雨,晴
910409,4,晴,雨,雨,雨,曇
910408,4,雨,雨,雨,晴,曇
910407,4,雨,雨,晴,晴,雨
910406,4,雨,晴,晴,晴,雨
910405,4,晴,晴,晴,曇,晴
910404,4,晴,晴,曇,曇,雨
910403,4,晴,曇,曇,雨,雨
910402,4,曇,曇,雨,雨,晴
910401,4,曇,雨,雨,晴,雨
910331,3,雨,雨,晴,雨,晴
910330,3,雨,晴,雨,雨,雨
910329,3,晴,雨,雨,晴,雨
910328,3,雨,雨,晴,雨,晴
910327,3,雨,晴,雨,晴,晴
910326,3,晴,雨,晴,雨,晴
910325,3,雨,晴,雨,雨,晴
910324,3,晴,雨,雨,晴,晴
910323,3,雨,雨,晴,晴,雨
910322,3,雨,晴,晴,晴,晴
910321,3,晴,晴,晴,晴,雨
910320,3,晴,晴,晴,晴,曇
910319,3,晴,晴,晴,雨,曇
910318,3,晴,晴,雨,晴,雨
910317,3,晴,雨,晴,雨,晴
910316,3,雨,晴,雨,曇,雨
910315,3,晴,雨,曇,曇,雨
910314,3,雨,曇,曇,雨,晴
910313,3,曇,曇,雨,晴,晴
910312,3,曇,雨,晴,雨,晴
910311,3,雨,晴,雨,雨,晴
910310,3,晴,雨,雨,晴,晴
910309,3,雨,雨,晴,晴,曇
910308,3,雨,晴,晴,晴,雨
910307,3,晴,晴,晴,晴,曇
910306,3,晴,晴,晴,晴,晴
910305,3,晴,晴,晴,曇,晴
910304,3,晴,晴,曇,雨,晴
910303,3,晴,曇,雨,曇,晴
910302,3,曇,雨,曇,晴,晴
910301,3,雨,曇,晴,晴,晴
910228,2,曇,晴,晴,晴,晴
910227,2,晴,晴,晴,晴,晴
910226,2,晴,晴,晴,晴,晴
910225,2,晴,晴,晴,晴,晴
910224,2,晴,晴,晴,晴,晴
910223,2,晴,晴,晴,晴,雨
910222,2,晴,晴,晴,晴,雨
910221,2,晴,晴,晴,晴,晴
910220,2,晴,晴,晴,晴,晴
910219,2,晴,晴,晴,雨,雨
910218,2,晴,晴,雨,雨,晴
910217,2,晴,雨,雨,晴,雨
910216,2,雨,雨,晴,晴,晴
910215,2,雨,晴,晴,雨,晴
910214,2,晴,晴,雨,晴,晴
910213,2,晴,雨,晴,雨,晴
910212,2,雨,晴,雨,晴,晴
910211,2,晴,雨,晴,晴,晴
910210,2,雨,晴,晴,晴,晴
910209,2,晴,晴,晴,晴,晴
910208,2,晴,晴,晴,晴,晴
910207,2,晴,晴,晴,晴,晴
910206,2,晴,晴,晴,晴,晴
910205,2,晴,晴,晴,晴,晴
910204,2,晴,晴,晴,晴,晴
910203,2,晴,晴,晴,晴,晴
910202,2,晴,晴,晴,晴,晴
910201,2,晴,晴,晴,晴,雨
910131,1,晴,晴,晴,晴,雨
910130,1,晴,晴,晴,晴,晴
910129,1,晴,晴,晴,晴,雨
910128,1,晴,晴,晴,雨,雨
910127,1,晴,晴,雨,雨,晴
910126,1,晴,雨,雨,晴,晴
910125,1,雨,雨,晴,雨,晴
910124,1,雨,晴,雨,雨,雨
910123,1,晴,雨,雨,晴,晴
910122,1,雨,雨,晴,晴,晴
910121,1,雨,晴,晴,晴,晴
910120,1,晴,晴,晴,雨,晴
910119,1,晴,晴,雨,晴,雨
910118,1,晴,雨,晴,晴,晴
910117,1,雨,晴,晴,晴,晴
910116,1,晴,晴,晴,晴,晴
910115,1,晴,晴,晴,雨,晴
910114,1,晴,晴,雨,晴,晴
910113,1,晴,雨,晴,晴,晴
910112,1,雨,晴,晴,晴,晴
910111,1,晴,晴,晴,晴,晴
910110,1,晴,晴,晴,晴,晴
910109,1,晴,晴,晴,晴,晴
910108,1,晴,晴,晴,晴,雨
910107,1,晴,晴,晴,晴,晴
910106,1,晴,晴,晴,晴,晴
910105,1,晴,晴,晴,晴,晴
910104,1,晴,晴,晴,雨,晴
910103,1,晴,晴,雨,晴,晴
910102,1,晴,雨,晴,晴,晴
910101,1,雨,晴,晴,晴,晴
901231,12,晴,晴,晴,晴,晴
901230,12,晴,晴,晴,晴,晴
901229,12,晴,晴,晴,晴,晴
901228,12,晴,晴,晴,晴,雨
901227,12,晴,晴,晴,晴,晴
901226,12,晴,晴,晴,晴,晴
901225,12,晴,晴,晴,晴,晴
901224,12,晴,晴,晴,雨,晴
901223,12,晴,晴,雨,晴,晴
901222,12,晴,雨,晴,晴,晴
901221,12,雨,晴,晴,晴,晴
901220,12,晴,晴,晴,晴,晴
901219,12,晴,晴,晴,晴,雨
901218,12,晴,晴,晴,晴,雨
901217,12,晴,晴,晴,晴,晴
901216,12,晴,晴,晴,晴,晴
901215,12,晴,晴,晴,雨,晴
901214,12,晴,晴,雨,雨,晴
901213,12,晴,雨,雨,晴,晴
901212,12,雨,雨,晴,晴,晴
901211,12,雨,晴,晴,晴,晴
901210,12,晴,晴,晴,晴,晴
901209,12,晴,晴,晴,晴,晴
901208,12,晴,晴,晴,晴,晴
901207,12,晴,晴,晴,晴,雨
901206,12,晴,晴,晴,晴,雨
901205,12,晴,晴,晴,晴,雨
901204,12,晴,晴,晴,晴,曇
901203,12,晴,晴,晴,雨,晴
901202,12,晴,晴,雨,雨,晴
901201,12,晴,雨,雨,雨,晴
901130,11,雨,雨,雨,曇,晴
901129,11,雨,雨,曇,晴,晴
901128,11,雨,曇,晴,晴,雨
901127,11,曇,晴,晴,晴,雨
901126,11,晴,晴,晴,晴,曇
901125,11,晴,晴,晴,晴,曇
901124,11,晴,晴,晴,雨,晴
901123,11,晴,晴,雨,雨,晴
901122,11,晴,雨,雨,曇,晴
901121,11,雨,雨,曇,曇,晴
901120,11,雨,曇,曇,晴,晴
901119,11,曇,曇,晴,晴,晴
901118,11,曇,晴,晴,晴,晴
901117,11,晴,晴,晴,晴,雨
901116,11,晴,晴,晴,晴,雨
901115,11,晴,晴,晴,晴,晴
901114,11,晴,晴,晴,晴,晴
901113,11,晴,晴,晴,雨,晴
901112,11,晴,晴,雨,雨,晴
901111,11,晴,雨,雨,晴,雨
901110,11,雨,雨,晴,晴,晴
901109,11,雨,晴,晴,晴,晴
901108,11,晴,晴,晴,晴,晴
901107,11,晴,晴,晴,雨,雨
901106,11,晴,晴,雨,晴,雨
901105,11,晴,雨,晴,晴,晴
901104,11,雨,晴,晴,晴,晴
901103,11,晴,晴,晴,雨,晴
901102,11,晴,晴,雨,雨,雨
901101,11,晴,雨,雨,晴,晴
901031,10,雨,雨,晴,晴,雨
901030,10,雨,晴,晴,晴,雨
901029,10,晴,晴,晴,雨,晴
901028,10,晴,晴,雨,晴,晴
901027,10,晴,雨,晴,雨,晴
901026,10,雨,晴,雨,雨,晴
901025,10,晴,雨,雨,晴,晴
901024,10,雨,雨,晴,晴,曇
901023,10,雨,晴,晴,晴,晴
901022,10,晴,晴,晴,晴,雨
901021,10,晴,晴,晴,晴,晴
901020,10,晴,晴,晴,曇,雨
901019,10,晴,晴,曇,晴,曇
901018,10,晴,曇,晴,雨,晴
901017,10,曇,晴,雨,晴,晴
901016,10,晴,雨,晴,雨,曇
901015,10,雨,晴,雨,曇,雨
901014,10,晴,雨,曇,晴,雨
901013,10,雨,曇,晴,晴,雨
901012,10,曇,晴,晴,曇,曇
901011,10,晴,晴,曇,雨,曇
901010,10,晴,曇,雨,雨,晴
901009,10,曇,雨,雨,雨,晴
901008,10,雨,雨,雨,曇,晴
901007,10,雨,雨,曇,曇,雨
901006,10,雨,曇,曇,晴,曇
901005,10,曇,曇,晴,晴,曇
901004,10,曇,晴,晴,晴,雨
901003,10,晴,晴,晴,雨,雨
901002,10,晴,晴,雨,曇,曇
901001,10,晴,雨,曇,曇,晴
900930,9,雨,曇,曇,雨,晴
900929,9,曇,曇,雨,雨,晴
900928,9,曇,雨,雨,曇,晴
900927,9,雨,雨,曇,晴,雨
900926,9,雨,曇,晴,晴,晴
900925,9,曇,晴,晴,晴,晴
900924,9,晴,晴,晴,晴,雨
900923,9,晴,晴,晴,雨,雨
900922,9,晴,晴,雨,晴,雨
900921,9,晴,雨,晴,晴,雨
900920,9,雨,晴,晴,雨,雨
900919,9,晴,晴,雨,雨,晴
900918,9,晴,雨,雨,雨,晴
900917,9,雨,雨,雨,雨,晴
900916,9,雨,雨,雨,雨,晴
900915,9,雨,雨,雨,晴,晴
900914,9,雨,雨,晴,晴,雨
900913,9,雨,晴,晴,晴,曇
900912,9,晴,晴,晴,晴,曇
900911,9,晴,晴,晴,晴,晴
900910,9,晴,晴,晴,雨,晴
900909,9,晴,晴,雨,曇,晴
900908,9,晴,雨,曇,曇,曇
900907,9,雨,曇,曇,晴,晴
900906,9,曇,曇,晴,晴,晴
900905,9,曇,晴,晴,晴,曇
900904,9,晴,晴,晴,曇,雨
900903,9,晴,晴,曇,晴,晴
900902,9,晴,曇,晴,晴,雨
900901,9,曇,晴,晴,曇,晴
900831,8,晴,晴,曇,雨,晴
900830,8,晴,曇,雨,晴,晴
900829,8,曇,雨,晴,雨,晴
900828,8,雨,晴,雨,晴,晴
900827,8,晴,雨,晴,晴,晴
900826,8,雨,晴,晴,晴,晴
900825,8,晴,晴,晴,晴,晴
900824,8,晴,晴,晴,晴,晴
900823,8,晴,晴,晴,晴,晴
900822,8,晴,晴,晴,晴,晴
900821,8,晴,晴,晴,晴,晴
900820,8,晴,晴,晴,晴,晴
900819,8,晴,晴,晴,晴,晴
900818,8,晴,晴,晴,晴,晴
900817,8,晴,晴,晴,晴,雨
900816,8,晴,晴,晴,晴,雨
900815,8,晴,晴,晴,晴,雨
900814,8,晴,晴,晴,晴,晴
900813,8,晴,晴,晴,雨,晴
900812,8,晴,晴,雨,雨,晴
900811,8,晴,雨,雨,雨,雨
900810,8,雨,雨,雨,晴,晴
900809,8,雨,雨,晴,晴,晴
900808,8,雨,晴,晴,晴,晴
900807,8,晴,晴,晴,雨,晴
900806,8,晴,晴,雨,晴,晴
900805,8,晴,雨,晴,晴,晴
900804,8,雨,晴,晴,晴,晴
900803,8,晴,晴,晴,晴,曇
900802,8,晴,晴,晴,晴,雨
900801,8,晴,晴,晴,晴,晴
900731,7,晴,晴,晴,晴,晴
900730,7,晴,晴,晴,曇,曇
900729,7,晴,晴,曇,雨,晴
900728,7,晴,曇,雨,晴,晴
900727,7,曇,雨,晴,晴,晴
900726,7,雨,晴,晴,曇,晴
900725,7,晴,晴,曇,晴,晴
900724,7,晴,曇,晴,晴,晴
900723,7,曇,晴,晴,晴,曇
900722,7,晴,晴,晴,晴,雨
900721,7,晴,晴,晴,晴,晴
900720,7,晴,晴,晴,晴,雨
900719,7,晴,晴,晴,曇,雨
900718,7,晴,晴,曇,雨,曇
900717,7,晴,曇,雨,晴,雨
900716,7,曇,雨,晴,雨,曇
900715,7,雨,晴,雨,雨,曇
900714,7,晴,雨,雨,曇,曇
900713,7,雨,雨,曇,雨,曇
900712,7,雨,曇,雨,曇,雨
900711,7,曇,雨,曇,曇,雨
900710,7,雨,曇,曇,曇,雨
900709,7,曇,曇,曇,曇,曇
900708,7,曇,曇,曇,雨,曇
900707,7,曇,曇,雨,雨,曇
900706,7,曇,雨,雨,雨,曇
900705,7,雨,雨,雨,曇,曇
900704,7,雨,雨,曇,曇,雨
900703,7,雨,曇,曇,曇,雨
900702,7,曇,曇,曇,曇,曇
900701,7,曇,曇,曇,曇,曇
900630,6,曇,曇,曇,雨,晴
900629,6,曇,曇,雨,雨,晴
900628,6,曇,雨,雨,曇,曇
900627,6,雨,雨,曇,曇,曇
900626,6,雨,曇,曇,晴,晴
900625,6,曇,曇,晴,晴,晴
900624,6,曇,晴,晴,曇,晴
900623,6,晴,晴,曇,曇,雨
900622,6,晴,曇,曇,晴,曇
900621,6,曇,曇,晴,晴,晴
900620,6,曇,晴,晴,晴,曇
900619,6,晴,晴,晴,雨,雨
900618,6,晴,晴,雨,曇,晴
900617,6,晴,雨,曇,晴,雨
900616,6,雨,曇,晴,曇,雨
900615,6,曇,晴,曇,雨,曇
900614,6,晴,曇,雨,晴,晴
900613,6,曇,雨,晴,雨,晴
900612,6,雨,晴,雨,雨,雨
900611,6,晴,雨,雨,曇,曇
900610,6,雨,雨,曇,晴,晴
900609,6,雨,曇,晴,晴,雨
900608,6,曇,晴,晴,雨,雨
900607,6,晴,晴,雨,曇,晴
900606,6,晴,雨,曇,晴,晴
900605,6,雨,曇,晴,雨,晴
900604,6,曇,晴,雨,雨,晴
900603,6,晴,雨,雨,晴,晴
900602,6,雨,雨,晴,晴,雨
900601,6,雨,晴,晴,晴,雨
900531,5,晴,晴,晴,晴,曇
900530,5,晴,晴,晴,晴,晴
900529,5,晴,晴,晴,雨,晴
900528,5,晴,晴,雨,雨,雨
900527,5,晴,雨,雨,曇,晴
900526,5,雨,雨,曇,晴,雨
900525,5,雨,曇,晴,晴,晴
900524,5,曇,晴,晴,雨,晴
900523,5,晴,晴,雨,晴,雨
900522,5,晴,雨,晴,雨,雨
900521,5,雨,晴,雨,晴,雨
900520,5,晴,雨,晴,晴,曇
900519,5,雨,晴,晴,雨,曇
900518,5,晴,晴,雨,雨,曇
900517,5,晴,雨,雨,雨,晴
900516,5,雨,雨,雨,曇,晴
900515,5,雨,雨,曇,曇,雨
900514,5,雨,曇,曇,曇,雨
900513,5,曇,曇,曇,晴,晴
900512,5,曇,曇,晴,晴,雨
900511,5,曇,晴,晴,雨,雨
900510,5,晴,晴,雨,雨,曇
900509,5,晴,雨,雨,晴,曇
900508,5,雨,雨,晴,雨,晴
900507,5,雨,晴,雨,雨,晴
900506,5,晴,雨,雨,曇,晴
900505,5,雨,雨,曇,曇,晴
900504,5,雨,曇,曇,晴,晴
900503,5,曇,曇,晴,晴,雨
900502,5,曇,晴,晴,晴,晴
900501,5,晴,晴,晴,晴,曇
900430,4,晴,晴,晴,晴,雨
900429,4,晴,晴,晴,雨,雨
900428,4,晴,晴,雨,晴,雨
900427,4,晴,雨,晴,曇,雨
900426,4,雨,晴,曇,雨,晴
900425,4,晴,曇,雨,雨,雨
900424,4,曇,雨,雨,雨,雨
900423,4,雨,雨,雨,雨,雨
900422,4,雨,雨,雨,晴,雨
900421,4,雨,雨,晴,雨,雨
900420,4,雨,晴,雨,雨,雨
900419,4,晴,雨,雨,雨,晴
900418,4,雨,雨,雨,雨,晴
900417,4,雨,雨,雨,雨,曇
900416,4,雨,雨,雨,雨,晴
900415,4,雨,雨,雨,晴,雨
900414,4,雨,雨,晴,晴,晴
900413,4,雨,晴,晴,曇,晴
900412,4,晴,晴,曇,晴,晴
900411,4,晴,曇,晴,雨,雨
900410,4,曇,晴,雨,晴,晴
900409,4,晴,雨,晴,晴,雨
900408,4,雨,晴,晴,晴,晴
900407,4,晴,晴,晴,雨,雨
900406,4,晴,晴,雨,晴,曇
900405,4,晴,雨,晴,雨,雨
900404,4,雨,晴,雨,晴,曇
900403,4,晴,雨,晴,雨,晴
900402,4,雨,晴,雨,曇,晴
900401,4,晴,雨,曇,雨,晴
900331,3,雨,曇,雨,曇,晴
900330,3,曇,雨,曇,晴,晴
900329,3,雨,曇,晴,晴,晴
900328,3,曇,晴,晴,晴,晴
900327,3,晴,晴,晴,晴,晴
900326,3,晴,晴,晴,晴,晴
900325,3,晴,晴,晴,晴,曇
900324,3,晴,晴,晴,晴,晴
900323,3,晴,晴,晴,晴,晴
900322,3,晴,晴,晴,晴,晴
900321,3,晴,晴,晴,曇,晴
900320,3,晴,晴,曇,晴,晴
900319,3,晴,曇,晴,晴,雨
900318,3,曇,晴,晴,晴,晴
900317,3,晴,晴,晴,晴,晴
900316,3,晴,晴,晴,晴,晴
900315,3,晴,晴,晴,雨,晴
900314,3,晴,晴,雨,晴,晴
900313,3,晴,雨,晴,晴,晴
900312,3,雨,晴,晴,晴,曇
900311,3,晴,晴,晴,晴,雨
900310,3,晴,晴,晴,晴,雨
900309,3,晴,晴,晴,晴,雨
900308,3,晴,晴,晴,曇,雨
900307,3,晴,晴,曇,雨,曇
900306,3,晴,曇,雨,雨,雨
900305,3,曇,雨,雨,雨,雨
900304,3,雨,雨,雨,雨,雨
900303,3,雨,雨,雨,曇,雨
900302,3,雨,雨,曇,雨,雨
900301,3,雨,曇,雨,雨,晴
900228,2,曇,雨,雨,雨,晴
900227,2,雨,雨,雨,雨,雨
900226,2,雨,雨,雨,雨,雨
900225,2,雨,雨,雨,晴,晴
900224,2,雨,雨,晴,晴,晴
900223,2,雨,晴,晴,雨,雨
900222,2,晴,晴,雨,雨,雨
900221,2,晴,雨,雨,晴,雨
900220,2,雨,雨,晴,晴,晴
900219,2,雨,晴,晴,雨,晴
900218,2,晴,晴,雨,雨,雨
900217,2,晴,雨,雨,雨,晴
900216,2,雨,雨,雨,晴,晴
900215,2,雨,雨,晴,晴,晴
900214,2,雨,晴,晴,雨,曇
900213,2,晴,晴,雨,晴,曇
900212,2,晴,雨,晴,晴,雨
900211,2,雨,晴,晴,晴,雨
900210,2,晴,晴,晴,曇,雨
900209,2,晴,晴,曇,曇,晴
900208,2,晴,曇,曇,雨,雪
900207,2,曇,曇,雨,雨,雪
900206,2,曇,雨,雨,雨,晴
900205,2,雨,雨,雨,晴,曇
900204,2,雨,雨,晴,雪,晴
900203,2,雨,晴,雪,雪,晴
900202,2,晴,雪,雪,晴,晴
900201,2,雪,雪,晴,曇,晴
900131,1,雪,晴,曇,晴,晴
900130,1,晴,曇,晴,晴,雪
900129,1,曇,晴,晴,晴,晴
900128,1,晴,晴,晴,晴,晴
900127,1,晴,晴,晴,晴,雪
900126,1,晴,晴,晴,雪,曇
900125,1,晴,晴,雪,晴,晴
900124,1,晴,雪,晴,晴,晴
900123,1,雪,晴,晴,雪,雪
900122,1,晴,晴,雪,曇,晴
900121,1,晴,雪,曇,晴,晴
900120,1,雪,曇,晴,晴,晴
900119,1,曇,晴,晴,雪,雨
900118,1,晴,晴,雪,晴,晴
900117,1,晴,雪,晴,晴,雨
900116,1,雪,晴,晴,晴,晴
900115,1,晴,晴,晴,雨,晴
900114,1,晴,晴,雨,晴,晴
900113,1,晴,雨,晴,雨,晴
900112,1,雨,晴,雨,晴,晴
900111,1,晴,雨,晴,晴,晴
900110,1,雨,晴,晴,晴,晴
900109,1,晴,晴,晴,晴,晴
900108,1,晴,晴,晴,晴,晴
900107,1,晴,晴,晴,晴,晴
900106,1,晴,晴,晴,晴,晴
900105,1,晴,晴,晴,晴,晴
900104,1,晴,晴,晴,晴,晴
900103,1,晴,晴,晴,晴,曇
900102,1,晴,晴,晴,晴,雨
900101,1,晴,晴,晴,晴,曇
891231,12,晴,晴,晴,晴,雨
891230,12,晴,晴,晴,曇,晴
891229,12,晴,晴,曇,雨,晴
891228,12,晴,曇,雨,曇,晴
891227,12,曇,雨,曇,雨,晴
891226,12,雨,曇,雨,晴,晴
891225,12,曇,雨,晴,晴,晴
891224,12,雨,晴,晴,晴,晴
891223,12,晴,晴,晴,晴,晴
891222,12,晴,晴,晴,晴,晴
891221,12,晴,晴,晴,晴,曇
891220,12,晴,晴,晴,晴,曇
891219,12,晴,晴,晴,晴,晴
891218,12,晴,晴,晴,晴,晴
891217,12,晴,晴,晴,曇,晴
891216,12,晴,晴,曇,曇,晴
891215,12,晴,曇,曇,晴,晴
891214,12,曇,曇,晴,晴,晴
891213,12,曇,晴,晴,晴,晴
891212,12,晴,晴,晴,晴,晴
891211,12,晴,晴,晴,晴,晴
891210,12,晴,晴,晴,晴,晴
891209,12,晴,晴,晴,晴,晴
891208,12,晴,晴,晴,晴,晴
891207,12,晴,晴,晴,晴,晴
891206,12,晴,晴,晴,晴,晴
891205,12,晴,晴,晴,晴,晴
891204,12,晴,晴,晴,晴,晴
891203,12,晴,晴,晴,晴,晴
891202,12,晴,晴,晴,晴,晴
891201,12,晴,晴,晴,晴,晴
891130,11,晴,晴,晴,晴,晴
891129,11,晴,晴,晴,晴,晴
891128,11,晴,晴,晴,晴,晴
891127,11,晴,晴,晴,晴,晴
891126,11,晴,晴,晴,晴,晴
891125,11,晴,晴,晴,晴,晴
891124,11,晴,晴,晴,晴,雨
891123,11,晴,晴,晴,晴,雨
891122,11,晴,晴,晴,晴,雨
891121,11,晴,晴,晴,晴,曇
891120,11,晴,晴,晴,雨,雨
891119,11,晴,晴,雨,雨,晴
891118,11,晴,雨,雨,雨,晴
891117,11,雨,雨,雨,曇,雨
891116,11,雨,雨,曇,雨,雨
891115,11,雨,曇,雨,晴,曇
891114,11,曇,雨,晴,晴,晴
891113,11,雨,晴,晴,雨,晴
891112,11,晴,晴,雨,雨,晴
891111,11,晴,雨,雨,曇,晴
891110,11,雨,雨,曇,晴,晴
891109,11,雨,曇,晴,晴,晴
891108,11,曇,晴,晴,晴,雨
891107,11,晴,晴,晴,晴,雨
891106,11,晴,晴,晴,晴,晴
891105,11,晴,晴,晴,晴,晴
891104,11,晴,晴,晴,雨,雨
891103,11,晴,晴,雨,雨,晴
891102,11,晴,雨,雨,晴,晴
891101,11,雨,雨,晴,晴,晴
891031,10,雨,晴,晴,雨,晴
891030,10,晴,晴,雨,晴,雨
891029,10,晴,雨,晴,晴,雨
891028,10,雨,晴,晴,晴,晴
891027,10,晴,晴,晴,晴,晴
891026,10,晴,晴,晴,雨,雨
891025,10,晴,晴,雨,雨,晴
891024,10,晴,雨,雨,晴,雨
891023,10,雨,雨,晴,晴,晴
891022,10,雨,晴,晴,雨,晴
891021,10,晴,晴,雨,晴,晴
891020,10,晴,雨,晴,雨,晴
891019,10,雨,晴,雨,晴,雨
891018,10,晴,雨,晴,晴,雨
891017,10,雨,晴,晴,晴,晴
891016,10,晴,晴,晴,晴,晴
891015,10,晴,晴,晴,雨,曇
891014,10,晴,晴,雨,雨,雨
891013,10,晴,雨,雨,晴,雨
891012,10,雨,雨,晴,晴,晴
891011,10,雨,晴,晴,曇,雨
891010,10,晴,晴,曇,雨,曇
891009,10,晴,曇,雨,雨,曇
891008,10,曇,雨,雨,晴,晴
891007,10,雨,雨,晴,雨,曇
891006,10,雨,晴,雨,曇,曇
891005,10,晴,雨,曇,曇,晴
891004,10,雨,曇,曇,晴,曇
891003,10,曇,曇,晴,曇,晴
891002,10,曇,晴,曇,曇,晴
891001,10,晴,曇,曇,晴,晴
890930,9,曇,曇,晴,曇,雨
890929,9,曇,晴,曇,晴,雨
890928,9,晴,曇,晴,晴,雨
890927,9,曇,晴,晴,晴,雨
890926,9,晴,晴,晴,雨,雨
890925,9,晴,晴,雨,雨,雨
890924,9,晴,雨,雨,雨,曇
890923,9,雨,雨,雨,雨,曇
890922,9,雨,雨,雨,雨,晴
890921,9,雨,雨,雨,雨,曇
890920,9,雨,雨,雨,曇,晴
890919,9,雨,雨,曇,曇,晴
890918,9,雨,曇,曇,晴,晴
890917,9,曇,曇,晴,曇,晴
890916,9,曇,晴,曇,晴,曇
890915,9,晴,曇,晴,晴,曇
890914,9,曇,晴,晴,晴,雨
890913,9,晴,晴,晴,晴,曇
890912,9,晴,晴,晴,曇,雨
890911,9,晴,晴,曇,曇,雨
890910,9,晴,曇,曇,雨,雨
890909,9,曇,曇,雨,曇,曇
890908,9,曇,雨,曇,雨,晴
890907,9,雨,曇,雨,雨,晴
890906,9,曇,雨,雨,雨,晴
890905,9,雨,雨,雨,曇,晴
890904,9,雨,雨,曇,晴,晴
890903,9,雨,曇,晴,晴,雨
890902,9,曇,晴,晴,晴,雨
890901,9,晴,晴,晴,晴,雨
890831,8,晴,晴,晴,晴,晴
890830,8,晴,晴,晴,雨,晴
890829,8,晴,晴,雨,雨,晴
890828,8,晴,雨,雨,雨,晴
890827,8,雨,雨,雨,晴,曇
890826,8,雨,雨,晴,晴,曇
890825,8,雨,晴,晴,晴,晴
890824,8,晴,晴,晴,晴,曇
890823,8,晴,晴,晴,曇,晴
890822,8,晴,晴,曇,曇,曇
890821,8,晴,曇,曇,晴,晴
890820,8,曇,曇,晴,曇,晴
890819,8,曇,晴,曇,晴,晴
890818,8,晴,曇,晴,曇,晴
890817,8,曇,晴,曇,晴,雨
890816,8,晴,曇,晴,晴,晴
890815,8,曇,晴,晴,晴,晴
890814,8,晴,晴,晴,晴,晴
890813,8,晴,晴,晴,雨,雨
890812,8,晴,晴,雨,晴,雨
890811,8,晴,雨,晴,晴,晴
890810,8,雨,晴,晴,晴,曇
890809,8,晴,晴,晴,雨,曇
890808,8,晴,晴,雨,雨,雨
890807,8,晴,雨,雨,晴,雨
890806,8,雨,雨,晴,曇,雨
890805,8,雨,晴,曇,曇,雨
890804,8,晴,曇,曇,雨,雨
890803,8,曇,曇,雨,雨,曇
890802,8,曇,雨,雨,雨,雨
890801,8,雨,雨,雨,雨,雨
890731,7,雨,雨,雨,雨,晴
890730,7,雨,雨,雨,曇,晴
890729,7,雨,雨,曇,雨,晴
890728,7,雨,曇,雨,雨,晴
890727,7,曇,雨,雨,晴,晴
890726,7,雨,雨,晴,晴,晴
890725,7,雨,晴,晴,晴,曇
890724,7,晴,晴,晴,晴,雨
890723,7,晴,晴,晴,晴,雨
890722,7,晴,晴,晴,晴,曇
890721,7,晴,晴,晴,曇,曇
890720,7,晴,晴,曇,雨,雨
890719,7,晴,曇,雨,雨,雨
890718,7,曇,雨,雨,曇,曇
890717,7,雨,雨,曇,曇,雨
890716,7,雨,曇,曇,雨,雨
890715,7,曇,曇,雨,雨,晴
890714,7,曇,雨,雨,曇,晴
890713,7,雨,雨,曇,雨,曇
890712,7,雨,曇,雨,雨,曇
890711,7,曇,雨,雨,晴,曇
890710,7,雨,雨,晴,晴,雨
890709,7,雨,晴,晴,曇,雨
890708,7,晴,晴,曇,曇,曇
890707,7,晴,曇,曇,曇,曇
890706,7,曇,曇,曇,雨,晴
890705,7,曇,曇,雨,雨,雨
890704,7,曇,雨,雨,曇,曇
890703,7,雨,雨,曇,曇,雨
890702,7,雨,曇,曇,晴,曇
890701,7,曇,曇,晴,雨,雨
890630,6,曇,晴,雨,曇,雨
890629,6,晴,雨,曇,雨,雨
890628,6,雨,曇,雨,曇,曇
890627,6,曇,雨,曇,雨,曇
890626,6,雨,曇,雨,雨,雨
890625,6,曇,雨,雨,雨,曇
890624,6,雨,雨,雨,曇,雨
890623,6,雨,雨,曇,曇,雨
890622,6,雨,曇,曇,雨,曇
890621,6,曇,曇,雨,曇,晴
890620,6,曇,雨,曇,雨,晴
890619,6,雨,曇,雨,雨,晴
890618,6,曇,雨,雨,曇,雨
890617,6,雨,雨,曇,晴,雨
890616,6,雨,曇,晴,晴,雨
890615,6,曇,晴,晴,晴,晴
890614,6,晴,晴,晴,雨,晴
890613,6,晴,晴,雨,雨,晴
890612,6,晴,雨,雨,雨,曇
890611,6,雨,雨,雨,晴,晴
890610,6,雨,雨,晴,晴,曇
890609,6,雨,晴,晴,晴,晴
890608,6,晴,晴,晴,曇,晴
890607,6,晴,晴,曇,晴,晴
890606,6,晴,曇,晴,曇,雨
890605,6,曇,晴,曇,晴,雨
890604,6,晴,曇,晴,晴,雨
890603,6,曇,晴,晴,晴,晴
890602,6,晴,晴,晴,雨,雨
890601,6,晴,晴,雨,雨,雨
890531,5,晴,雨,雨,雨,晴
890530,5,雨,雨,雨,晴,雨
890529,5,雨,雨,晴,雨,曇
890528,5,雨,晴,雨,雨,曇
890527,5,晴,雨,雨,晴,雨
890526,5,雨,雨,晴,雨,晴
890525,5,雨,晴,雨,曇,雨
890524,5,晴,雨,曇,曇,雨
890523,5,雨,曇,曇,雨,晴
890522,5,曇,曇,雨,晴,晴
890521,5,曇,雨,晴,雨,雨
890520,5,雨,晴,雨,雨,雨
890519,5,晴,雨,雨,晴,雨
890518,5,雨,雨,晴,晴,雨
890517,5,雨,晴,晴,雨,曇
890516,5,晴,晴,雨,雨,晴
890515,5,晴,雨,雨,雨,晴
890514,5,雨,雨,雨,雨,雨
890513,5,雨,雨,雨,曇,雨
890512,5,雨,雨,曇,晴,曇
890511,5,雨,曇,晴,晴,晴
890510,5,曇,晴,晴,雨,雨
890509,5,晴,晴,雨,雨,晴
890508,5,晴,雨,雨,曇,雨
890507,5,雨,雨,曇,晴,晴
890506,5,雨,曇,晴,雨,晴
890505,5,曇,晴,雨,晴,晴
890504,5,晴,雨,晴,雨,晴
890503,5,雨,晴,雨,晴,雨
890502,5,晴,雨,晴,晴,雨
890501,5,雨,晴,晴,晴,雨
890430,4,晴,晴,晴,晴,雨
890429,4,晴,晴,晴,雨,曇
890428,4,晴,晴,雨,雨,晴
890427,4,晴,雨,雨,雨,晴
890426,4,雨,雨,雨,雨,晴
890425,4,雨,雨,雨,曇,晴
890424,4,雨,雨,曇,晴,晴
890423,4,雨,曇,晴,晴,雨
890422,4,曇,晴,晴,晴,雨
890421,4,晴,晴,晴,晴,晴
890420,4,晴,晴,晴,晴,晴
890419,4,晴,晴,晴,雨,雨
890418,4,晴,晴,雨,雨,曇
890417,4,晴,雨,雨,晴,雨
890416,4,雨,雨,晴,晴,雨
890415,4,雨,晴,晴,雨,雨
890414,4,晴,晴,雨,曇,晴
890413,4,晴,雨,曇,雨,晴
890412,4,雨,曇,雨,雨,曇
890411,4,曇,雨,雨,雨,晴
890410,4,雨,雨,雨,晴,雨
890409,4,雨,雨,晴,晴,晴
890408,4,雨,晴,晴,曇,晴
890407,4,晴,晴,曇,晴,雨
890406,4,晴,曇,晴,雨,晴
890405,4,曇,晴,雨,晴,雨
890404,4,晴,雨,晴,晴,雨
890403,4,雨,晴,晴,雨,雨
890402,4,晴,晴,雨,晴,晴
890401,4,晴,雨,晴,雨,雨
890331,3,雨,晴,雨,雨,雨
890330,3,晴,雨,雨,雨,晴
890329,3,雨,雨,雨,晴,晴
890328,3,雨,雨,晴,雨,晴
890327,3,雨,晴,雨,雨,晴
890326,3,晴,雨,雨,晴,晴
890325,3,雨,雨,晴,晴,晴
890324,3,雨,晴,晴,晴,晴
890323,3,晴,晴,晴,晴,晴
890322,3,晴,晴,晴,晴,晴
890321,3,晴,晴,晴,晴,雨
890320,3,晴,晴,晴,晴,雨
890319,3,晴,晴,晴,晴,晴
890318,3,晴,晴,晴,晴,晴
890317,3,晴,晴,晴,雨,晴
890316,3,晴,晴,雨,雨,晴
890315,3,晴,雨,雨,晴,雨
890314,3,雨,雨,晴,晴,雨
890313,3,雨,晴,晴,晴,雨
890312,3,晴,晴,晴,晴,雨
890311,3,晴,晴,晴,雨,雨
890310,3,晴,晴,雨,雨,曇
890309,3,晴,雨,雨,雨,晴
890308,3,雨,雨,雨,雨,雨
890307,3,雨,雨,雨,雨,雨
890306,3,雨,雨,雨,曇,晴
890305,3,雨,雨,曇,晴,雨
890304,3,雨,曇,晴,雨,雨
890303,3,曇,晴,雨,雨,雨
890302,3,晴,雨,雨,晴,曇
890301,3,雨,雨,晴,雨,曇
890228,2,雨,晴,雨,雨,雨
890227,2,晴,雨,雨,雨,曇
890226,2,雨,雨,雨,曇,晴
890225,2,雨,雨,曇,曇,雨
890224,2,雨,曇,曇,雨,雨
890223,2,曇,曇,雨,曇,曇
890222,2,曇,雨,曇,晴,晴
890221,2,雨,曇,晴,雨,晴
890220,2,曇,晴,雨,雨,晴
890219,2,晴,雨,雨,曇,晴
890218,2,雨,雨,曇,晴,晴
890217,2,雨,曇,晴,晴,雨
890216,2,曇,晴,晴,晴,雨
890215,2,晴,晴,晴,晴,雨
890214,2,晴,晴,晴,晴,晴
890213,2,晴,晴,晴,雨,晴
890212,2,晴,晴,雨,雨,晴
890211,2,晴,雨,雨,雨,晴
890210,2,雨,雨,雨,晴,晴
890209,2,雨,雨,晴,晴,曇
890208,2,雨,晴,晴,晴,雨
890207,2,晴,晴,晴,晴,晴
890206,2,晴,晴,晴,晴,晴
890205,2,晴,晴,晴,曇,晴
890204,2,晴,晴,曇,雨,晴
890203,2,晴,曇,雨,晴,晴
890202,2,曇,雨,晴,晴,雨
890201,2,雨,晴,晴,晴,晴
890131,1,晴,晴,晴,晴,晴
890130,1,晴,晴,晴,晴,雨
890129,1,晴,晴,晴,雨,晴
890128,1,晴,晴,雨,晴,晴
890127,1,晴,雨,晴,晴,雨
890126,1,雨,晴,晴,雨,晴
890125,1,晴,晴,雨,晴,晴
890124,1,晴,雨,晴,晴,晴
890123,1,雨,晴,晴,雨,晴
890122,1,晴,晴,雨,晴,曇
890121,1,晴,雨,晴,晴,曇
890120,1,雨,晴,晴,晴,曇
890119,1,晴,晴,晴,晴,雨
890118,1,晴,晴,晴,曇,晴
890117,1,晴,晴,曇,曇,曇
890116,1,晴,曇,曇,曇,曇
890115,1,曇,曇,曇,雨,雨
890114,1,曇,曇,雨,晴,曇
890113,1,曇,雨,晴,曇,晴
890112,1,雨,晴,曇,曇,晴
890111,1,晴,曇,曇,雨,晴
890110,1,曇,曇,雨,曇,晴
890109,1,曇,雨,曇,晴,晴
890108,1,雨,曇,晴,晴,晴
890107,1,曇,晴,晴,晴,晴
890106,1,晴,晴,晴,晴,晴
890105,1,晴,晴,晴,晴,晴
890104,1,晴,晴,晴,晴,晴
890103,1,晴,晴,晴,晴,晴
890102,1,晴,晴,晴,晴,晴
890101,1,晴,晴,晴,晴,晴
881231,12,晴,晴,晴,晴,晴
881230,12,晴,晴,晴,晴,晴
881229,12,晴,晴,晴,晴,晴
881228,12,晴,晴,晴,晴,晴
881227,12,晴,晴,晴,晴,晴
881226,12,晴,晴,晴,晴,晴
881225,12,晴,晴,晴,晴,晴
881224,12,晴,晴,晴,晴,晴
881223,12,晴,晴,晴,晴,晴
881222,12,晴,晴,晴,晴,晴
881221,12,晴,晴,晴,晴,晴
881220,12,晴,晴,晴,晴,曇
881219,12,晴,晴,晴,晴,晴
881218,12,晴,晴,晴,晴,晴
881217,12,晴,晴,晴,晴,晴
881216,12,晴,晴,晴,曇,晴
881215,12,晴,晴,曇,晴,晴
881214,12,晴,曇,晴,晴,晴
881213,12,曇,晴,晴,晴,晴
881212,12,晴,晴,晴,晴,晴
881211,12,晴,晴,晴,晴,晴
881210,12,晴,晴,晴,晴,晴
881209,12,晴,晴,晴,晴,晴
881208,12,晴,晴,晴,晴,晴
881207,12,晴,晴,晴,晴,晴
881206,12,晴,晴,晴,晴,雨
881205,12,晴,晴,晴,晴,晴
881204,12,晴,晴,晴,晴,晴
881203,12,晴,晴,晴,晴,晴
881202,12,晴,晴,晴,雨,晴
881201,12,晴,晴,雨,晴,雨
881130,11,晴,雨,晴,晴,晴
881129,11,雨,晴,晴,晴,晴
881128,11,晴,晴,晴,晴,晴
881127,11,晴,晴,晴,雨,雨
881126,11,晴,晴,雨,晴,晴
881125,11,晴,雨,晴,晴,雨
881124,11,雨,晴,晴,晴,曇
881123,11,晴,晴,晴,雨,晴
881122,11,晴,晴,雨,晴,晴
881121,11,晴,雨,晴,雨,晴
881120,11,雨,晴,雨,曇,晴
881119,11,晴,雨,曇,晴,晴
881118,11,雨,曇,晴,晴,晴
881117,11,曇,晴,晴,晴,晴
881116,11,晴,晴,晴,晴,晴
881115,11,晴,晴,晴,晴,晴
881114,11,晴,晴,晴,晴,晴
881113,11,晴,晴,晴,晴,晴
881112,11,晴,晴,晴,晴,晴
881111,11,晴,晴,晴,晴,雨
881110,11,晴,晴,晴,晴,晴
881109,11,晴,晴,晴,晴,晴
881108,11,晴,晴,晴,晴,晴
881107,11,晴,晴,晴,雨,晴
881106,11,晴,晴,雨,晴,晴
881105,11,晴,雨,晴,晴,晴
881104,11,雨,晴,晴,晴,曇
881103,11,晴,晴,晴,晴,晴
881102,11,晴,晴,晴,晴,晴
881101,11,晴,晴,晴,晴,曇
881031,10,晴,晴,晴,曇,曇
881030,10,晴,晴,曇,晴,晴
881029,10,晴,曇,晴,晴,晴
881028,10,曇,晴,晴,曇,曇
881027,10,晴,晴,曇,曇,晴
881026,10,晴,曇,曇,晴,晴
881025,10,曇,曇,晴,晴,曇
881024,10,曇,晴,晴,曇,雨
881023,10,晴,晴,曇,晴,晴
881022,10,晴,曇,晴,晴,晴
881021,10,曇,晴,晴,曇,晴
881020,10,晴,晴,曇,雨,晴
881019,10,晴,曇,雨,晴,雨
881018,10,曇,雨,晴,晴,晴
881017,10,雨,晴,晴,晴,晴
881016,10,晴,晴,晴,晴,雨
881015,10,晴,晴,晴,雨,雨
881014,10,晴,晴,雨,晴,晴
881013,10,晴,雨,晴,晴,雨
881012,10,雨,晴,晴,雨,雨
881011,10,晴,晴,雨,雨,晴
881010,10,晴,雨,雨,晴,晴
881009,10,雨,雨,晴,雨,雨
881008,10,雨,晴,雨,雨,晴
881007,10,晴,雨,雨,晴,雨
881006,10,雨,雨,晴,晴,曇
881005,10,雨,晴,晴,雨,雨
881004,10,晴,晴,雨,晴,雨
881003,10,晴,雨,晴,雨,雨
881002,10,雨,晴,雨,曇,雨
881001,10,晴,雨,曇,雨,雨
880930,9,雨,曇,雨,雨,雨
880929,9,曇,雨,雨,雨,雨
880928,9,雨,雨,雨,雨,晴
880927,9,雨,雨,雨,雨,雨
880926,9,雨,雨,雨,雨,曇
880925,9,雨,雨,雨,雨,曇
880924,9,雨,雨,雨,晴,雨
880923,9,雨,雨,晴,雨,曇
880922,9,雨,晴,雨,曇,雨
880921,9,晴,雨,曇,曇,雨
880920,9,雨,曇,曇,雨,曇
880919,9,曇,曇,雨,曇,雨
880918,9,曇,雨,曇,雨,雨
880917,9,雨,曇,雨,雨,晴
880916,9,曇,雨,雨,曇,晴
880915,9,雨,雨,曇,雨,雨
880914,9,雨,曇,雨,雨,雨
880913,9,曇,雨,雨,晴,雨
880912,9,雨,雨,晴,晴,曇
880911,9,雨,晴,晴,雨,晴
880910,9,晴,晴,雨,雨,曇
880909,9,晴,雨,雨,雨,雨
880908,9,雨,雨,雨,曇,曇
880907,9,雨,雨,曇,晴,雨
880906,9,雨,曇,晴,曇,曇
880905,9,曇,晴,曇,雨,晴
880904,9,晴,曇,雨,曇,晴
880903,9,曇,雨,曇,雨,雨
880902,9,雨,曇,雨,曇,雨
880901,9,曇,雨,曇,晴,雨
880831,8,雨,曇,晴,晴,晴
880830,8,曇,晴,晴,雨,晴
880829,8,晴,晴,雨,雨,晴
880828,8,晴,雨,雨,雨,晴
880827,8,雨,雨,雨,晴,曇
880826,8,雨,雨,晴,晴,晴
880825,8,雨,晴,晴,晴,雨
880824,8,晴,晴,晴,晴,雨
880823,8,晴,晴,晴,曇,雨
880822,8,晴,晴,曇,晴,雨
880821,8,晴,曇,晴,雨,曇
880820,8,曇,晴,雨,雨,晴
880819,8,晴,雨,雨,雨,雨
880818,8,雨,雨,雨,雨,雨
880817,8,雨,雨,雨,曇,雨
880816,8,雨,雨,曇,晴,晴
880815,8,雨,曇,晴,雨,晴
880814,8,曇,晴,雨,雨,晴
880813,8,晴,雨,雨,雨,晴
880812,8,雨,雨,雨,晴,晴
880811,8,雨,雨,晴,晴,晴
880810,8,雨,晴,晴,晴,雨
880809,8,晴,晴,晴,晴,雨
880808,8,晴,晴,晴,晴,晴
880807,8,晴,晴,晴,晴,晴
880806,8,晴,晴,晴,雨,晴
880805,8,晴,晴,雨,雨,雨
880804,8,晴,雨,雨,晴,雨
880803,8,雨,雨,晴,晴,雨
880802,8,雨,晴,晴,晴,曇
880801,8,晴,晴,晴,雨,曇
880731,7,晴,晴,雨,雨,雨
880730,7,晴,雨,雨,雨,雨
880729,7,雨,雨,雨,曇,曇
880728,7,雨,雨,曇,曇,曇
880727,7,雨,曇,曇,雨,雨
880726,7,曇,曇,雨,雨,曇
880725,7,曇,雨,雨,曇,曇
880724,7,雨,雨,曇,曇,雨
880723,7,雨,曇,曇,雨,雨
880722,7,曇,曇,雨,曇,雨
880721,7,曇,雨,曇,曇,曇
880720,7,雨,曇,曇,雨,曇
880719,7,曇,曇,雨,雨,晴
880718,7,曇,雨,雨,雨,雨
880717,7,雨,雨,雨,曇,曇
880716,7,雨,雨,曇,曇,晴
880715,7,雨,曇,曇,晴,曇
880714,7,曇,曇,晴,雨,晴
880713,7,曇,晴,雨,曇,晴
880712,7,晴,雨,曇,晴,曇
880711,7,雨,曇,晴,曇,曇
880710,7,曇,晴,曇,晴,曇
880709,7,晴,曇,晴,晴,晴
880708,7,曇,晴,晴,曇,雨
880707,7,晴,晴,曇,曇,雨
880706,7,晴,曇,曇,曇,曇
880705,7,曇,曇,曇,晴,雨
880704,7,曇,曇,晴,雨,雨
880703,7,曇,晴,雨,雨,雨
880702,7,晴,雨,雨,曇,雨
880701,7,雨,雨,曇,雨,雨
880630,6,雨,曇,雨,雨,曇
880629,6,曇,雨,雨,雨,晴
880628,6,雨,雨,雨,雨,曇
880627,6,雨,雨,雨,雨,晴
880626,6,雨,雨,雨,曇,晴
880625,6,雨,雨,曇,晴,雨
880624,6,雨,曇,晴,曇,雨
880623,6,曇,晴,曇,晴,雨
880622,6,晴,曇,晴,晴,晴
880621,6,曇,晴,晴,雨,晴
880620,6,晴,晴,雨,雨,晴
880619,6,晴,雨,雨,雨,雨
880618,6,雨,雨,雨,晴,晴
880617,6,雨,雨,晴,晴,曇
880616,6,雨,晴,晴,晴,雨
880615,6,晴,晴,晴,雨,雨
880614,6,晴,晴,雨,晴,晴
880613,6,晴,雨,晴,曇,晴
880612,6,雨,晴,曇,雨,晴
880611,6,晴,曇,雨,雨,晴
880610,6,曇,雨,雨,晴,雨
880609,6,雨,雨,晴,晴,雨
880608,6,雨,晴,晴,晴,曇
880607,6,晴,晴,晴,晴,晴
880606,6,晴,晴,晴,雨,曇
880605,6,晴,晴,雨,雨,雨
880604,6,晴,雨,雨,曇,雨
880603,6,雨,雨,曇,晴,雨
880602,6,雨,曇,晴,曇,晴
880601,6,曇,晴,曇,雨,曇
880531,5,晴,曇,雨,雨,晴
880530,5,曇,雨,雨,雨,雨
880529,5,雨,雨,雨,晴,雨
880528,5,雨,雨,晴,曇,雨
880527,5,雨,晴,曇,晴,晴
880526,5,晴,曇,晴,雨,晴
880525,5,曇,晴,雨,雨,晴
880524,5,晴,雨,雨,雨,晴
880523,5,雨,雨,雨,晴,雨
880522,5,雨,雨,晴,晴,曇
880521,5,雨,晴,晴,晴,晴
880520,5,晴,晴,晴,晴,晴
880519,5,晴,晴,晴,雨,雨
880518,5,晴,晴,雨,曇,曇
880517,5,晴,雨,曇,晴,曇
880516,5,雨,曇,晴,晴,晴
880515,5,曇,晴,晴,雨,晴
880514,5,晴,晴,雨,曇,雨
880513,5,晴,雨,曇,曇,晴
880512,5,雨,曇,曇,晴,曇
880511,5,曇,曇,晴,晴,晴
880510,5,曇,晴,晴,雨,晴
880509,5,晴,晴,雨,晴,晴
880508,5,晴,雨,晴,曇,晴
880507,5,雨,晴,曇,晴,晴
880506,5,晴,曇,晴,晴,雨
880505,5,曇,晴,晴,晴,晴
880504,5,晴,晴,晴,晴,曇
880503,5,晴,晴,晴,晴,晴
880502,5,晴,晴,晴,雨,晴
880501,5,晴,晴,雨,晴,晴
880430,4,晴,雨,晴,曇,雨
880429,4,雨,晴,曇,晴,曇
880428,4,晴,曇,晴,晴,曇
880427,4,曇,晴,晴,晴,晴
880426,4,晴,晴,晴,雨,雨
880425,4,晴,晴,雨,曇,晴
880424,4,晴,雨,曇,曇,晴
880423,4,雨,曇,曇,晴,晴
880422,4,曇,曇,晴,雨,晴
880421,4,曇,晴,雨,晴,晴
880420,4,晴,雨,晴,晴,雨
880419,4,雨,晴,晴,晴,晴
880418,4,晴,晴,晴,晴,晴
880417,4,晴,晴,晴,晴,晴
880416,4,晴,晴,晴,雨,晴
880415,4,晴,晴,雨,晴,雪
880414,4,晴,雨,晴,晴,雨
880413,4,雨,晴,晴,晴,晴
880412,4,晴,晴,晴,晴,晴
880411,4,晴,晴,晴,雪,曇
880410,4,晴,晴,雪,雨,曇
880409,4,晴,雪,雨,晴,曇
880408,4,雪,雨,晴,晴,曇
880407,4,雨,晴,晴,曇,雨
880406,4,晴,晴,曇,曇,雨
880405,4,晴,曇,曇,曇,雨
880404,4,曇,曇,曇,曇,晴
880403,4,曇,曇,曇,雨,晴
880402,4,曇,曇,雨,雨,雨
880401,4,曇,雨,雨,雨,晴
880331,3,雨,雨,雨,晴,晴
880330,3,雨,雨,晴,晴,晴
880329,3,雨,晴,晴,雨,雨
880328,3,晴,晴,雨,晴,雨
880327,3,晴,雨,晴,晴,晴
880326,3,雨,晴,晴,晴,晴
880325,3,晴,晴,晴,雨,雨
880324,3,晴,晴,雨,雨,雨
880323,3,晴,雨,雨,晴,晴
880322,3,雨,雨,晴,晴,雨
880321,3,雨,晴,晴,雨,晴
880320,3,晴,晴,雨,雨,曇
880319,3,晴,雨,雨,晴,雨
880318,3,雨,雨,晴,雨,晴
880317,3,雨,晴,雨,晴,晴
880316,3,晴,雨,晴,曇,晴
880315,3,雨,晴,曇,雨,晴
880314,3,晴,曇,雨,晴,晴
880313,3,曇,雨,晴,晴,晴
880312,3,雨,晴,晴,晴,曇
880311,3,晴,晴,晴,晴,晴
880310,3,晴,晴,晴,晴,曇
880309,3,晴,晴,晴,晴,曇
880308,3,晴,晴,晴,曇,雨
880307,3,晴,晴,曇,晴,晴
880306,3,晴,曇,晴,曇,雪
880305,3,曇,晴,曇,曇,曇
880304,3,晴,曇,曇,雨,雪
880303,3,曇,曇,雨,晴,晴
880302,3,曇,雨,晴,雪,曇
880301,3,雨,晴,雪,曇,晴
880228,2,晴,雪,曇,雪,晴
880227,2,雪,曇,雪,晴,晴
880226,2,曇,雪,晴,曇,晴
880225,2,雪,晴,曇,晴,晴
880224,2,晴,曇,晴,晴,晴
880223,2,曇,晴,晴,晴,晴
880222,2,晴,晴,晴,晴,晴
880221,2,晴,晴,晴,晴,晴
880220,2,晴,晴,晴,晴,晴
880219,2,晴,晴,晴,晴,雪
880218,2,晴,晴,晴,晴,晴
880217,2,晴,晴,晴,晴,晴
880216,2,晴,晴,晴,晴,晴
880215,2,晴,晴,晴,雪,晴
880214,2,晴,晴,雪,晴,晴
880213,2,晴,雪,晴,晴,晴
880212,2,雪,晴,晴,晴,晴
880211,2,晴,晴,晴,晴,晴
880210,2,晴,晴,晴,晴,晴
880209,2,晴,晴,晴,晴,晴
880208,2,晴,晴,晴,晴,晴
880207,2,晴,晴,晴,晴,晴
880206,2,晴,晴,晴,晴,晴
880205,2,晴,晴,晴,晴,晴
880204,2,晴,晴,晴,晴,晴
880203,2,晴,晴,晴,晴,晴
880202,2,晴,晴,晴,晴,晴
880201,2,晴,晴,晴,晴,晴
880131,1,晴,晴,晴,晴,晴
880130,1,晴,晴,晴,晴,晴
880129,1,晴,晴,晴,晴,曇
880128,1,晴,晴,晴,晴,雨
880127,1,晴,晴,晴,晴,晴
880126,1,晴,晴,晴,晴,晴
880125,1,晴,晴,晴,曇,晴
880124,1,晴,晴,曇,雨,晴
880123,1,晴,曇,雨,晴,曇
880122,1,曇,雨,晴,晴,晴
880121,1,雨,晴,晴,晴,晴
880120,1,晴,晴,晴,晴,晴
880119,1,晴,晴,晴,曇,晴
880118,1,晴,晴,曇,晴,晴
880117,1,晴,曇,晴,晴,晴
880116,1,曇,晴,晴,晴,晴
880115,1,晴,晴,晴,晴,雨
880114,1,晴,晴,晴,晴,雨
880113,1,晴,晴,晴,晴,雨
880112,1,晴,晴,晴,晴,雨
880111,1,晴,晴,晴,雨,雨
880110,1,晴,晴,雨,雨,曇
880109,1,晴,雨,雨,雨,曇
880108,1,雨,雨,雨,雨,晴
880107,1,雨,雨,雨,雨,晴
880106,1,雨,雨,雨,曇,晴
880105,1,雨,雨,曇,曇,晴
880104,1,雨,曇,曇,晴,晴
880103,1,曇,曇,晴,晴,晴
880102,1,曇,晴,晴,晴,晴
880101,1,晴,晴,晴,晴,晴
871231,12,晴,晴,晴,晴,晴
871230,12,晴,晴,晴,晴,晴
871229,12,晴,晴,晴,晴,晴
871228,12,晴,晴,晴,晴,晴
871227,12,晴,晴,晴,晴,晴
871226,12,晴,晴,晴,晴,晴
871225,12,晴,晴,晴,晴,晴
871224,12,晴,晴,晴,晴,晴
871223,12,晴,晴,晴,晴,晴
871222,12,晴,晴,晴,晴,曇
871221,12,晴,晴,晴,晴,晴
871220,12,晴,晴,晴,晴,雪
871219,12,晴,晴,晴,晴,曇
871218,12,晴,晴,晴,曇,曇
871217,12,晴,晴,曇,晴,曇
871216,12,晴,曇,晴,雪,雨
871215,12,曇,晴,雪,曇,曇
871214,12,晴,雪,曇,曇,晴
871213,12,雪,曇,曇,曇,雪
871212,12,曇,曇,曇,雨,曇
871211,12,曇,曇,雨,曇,晴
871210,12,曇,雨,曇,晴,晴
871209,12,雨,曇,晴,雪,晴
871208,12,曇,晴,雪,曇,雨
871207,12,晴,雪,曇,晴,晴
871206,12,雪,曇,晴,晴,曇
871205,12,曇,晴,晴,晴,雨
871204,12,晴,晴,晴,雨,雨
871203,12,晴,晴,雨,晴,曇
871202,12,晴,雨,晴,曇,晴
871201,12,雨,晴,曇,雨,晴
871130,11,晴,曇,雨,雨,晴
871129,11,曇,雨,雨,曇,晴
871128,11,雨,雨,曇,晴,晴
871127,11,雨,曇,晴,晴,晴
871126,11,曇,晴,晴,晴,晴
871125,11,晴,晴,晴,晴,晴
871124,11,晴,晴,晴,晴,晴
871123,11,晴,晴,晴,晴,晴
871122,11,晴,晴,晴,晴,曇
871121,11,晴,晴,晴,晴,曇
871120,11,晴,晴,晴,晴,雨
871119,11,晴,晴,晴,晴,晴
871118,11,晴,晴,晴,曇,晴
871117,11,晴,晴,曇,曇,晴
871116,11,晴,曇,曇,雨,曇
871115,11,曇,曇,雨,晴,雨
871114,11,曇,雨,晴,晴,雨
871113,11,雨,晴,晴,晴,晴
871112,11,晴,晴,晴,曇,晴
871111,11,晴,晴,曇,雨,雨
871110,11,晴,曇,雨,雨,晴
871109,11,曇,雨,雨,晴,曇
871108,11,雨,雨,晴,晴,曇
871107,11,雨,晴,晴,雨,雨
871106,11,晴,晴,雨,晴,曇
871105,11,晴,雨,晴,曇,晴
871104,11,雨,晴,曇,曇,晴
871103,11,晴,曇,曇,雨,雨
871102,11,曇,曇,雨,曇,雨
871101,11,曇,雨,曇,晴,雨
871031,10,雨,曇,晴,晴,雨
871030,10,曇,晴,晴,雨,晴
871029,10,晴,晴,雨,雨,曇
871028,10,晴,雨,雨,雨,晴
871027,10,雨,雨,雨,雨,晴
871026,10,雨,雨,雨,晴,晴
871025,10,雨,雨,晴,曇,晴
871024,10,雨,晴,曇,晴,雨
871023,10,晴,曇,晴,晴,雨
871022,10,曇,晴,晴,晴,雨
871021,10,晴,晴,晴,晴,晴
871020,10,晴,晴,晴,雨,晴
871019,10,晴,晴,雨,雨,雨
871018,10,晴,雨,雨,雨,晴
871017,10,雨,雨,雨,晴,晴
871016,10,雨,雨,晴,晴,曇
871015,10,雨,晴,晴,雨,晴
871014,10,晴,晴,雨,晴,晴
871013,10,晴,雨,晴,晴,雨
871012,10,雨,晴,晴,曇,晴
871011,10,晴,晴,曇,晴,晴
871010,10,晴,曇,晴,晴,晴
871009,10,曇,晴,晴,雨,雨
871008,10,晴,晴,雨,晴,曇
871007,10,晴,雨,晴,晴,雨
871006,10,雨,晴,晴,晴,曇
871005,10,晴,晴,晴,雨,曇
871004,10,晴,晴,雨,曇,曇
871003,10,晴,雨,曇,雨,雨
871002,10,雨,曇,雨,曇,雨
871001,10,曇,雨,曇,曇,晴
870930,9,雨,曇,曇,曇,曇
870929,9,曇,曇,曇,雨,晴
870928,9,曇,曇,雨,雨,曇
870927,9,曇,雨,雨,晴,曇
870926,9,雨,雨,晴,曇,雨
870925,9,雨,晴,曇,晴,雨
870924,9,晴,曇,晴,曇,雨
870923,9,曇,晴,曇,曇,雨
870922,9,晴,曇,曇,雨,晴
870921,9,曇,曇,雨,雨,晴
870920,9,曇,雨,雨,雨,晴
870919,9,雨,雨,雨,雨,曇
870918,9,雨,雨,雨,晴,雨
870917,9,雨,雨,晴,晴,雨
870916,9,雨,晴,晴,晴,雨
870915,9,晴,晴,晴,曇,晴
870914,9,晴,晴,曇,雨,雨
870913,9,晴,曇,雨,雨,晴
870912,9,曇,雨,雨,雨,雨
870911,9,雨,雨,雨,晴,雨
870910,9,雨,雨,晴,雨,雨
870909,9,雨,晴,雨,晴,晴
870908,9,晴,雨,晴,雨,晴
870907,9,雨,晴,雨,雨,晴
870906,9,晴,雨,雨,雨,晴
870905,9,雨,雨,雨,晴,晴
870904,9,雨,雨,晴,晴,曇
870903,9,雨,晴,晴,晴,晴
870902,9,晴,晴,晴,晴,晴
870901,9,晴,晴,晴,晴,曇
870831,8,晴,晴,晴,曇,雨
870830,8,晴,晴,曇,晴,雨
870829,8,晴,曇,晴,晴,雨
870828,8,曇,晴,晴,曇,晴
870827,8,晴,晴,曇,雨,晴
870826,8,晴,曇,雨,雨,雨
870825,8,曇,雨,雨,雨,雨
870824,8,雨,雨,雨,晴,晴
870823,8,雨,雨,晴,晴,晴
870822,8,雨,晴,晴,雨,晴
870821,8,晴,晴,雨,雨,晴
870820,8,晴,雨,雨,晴,晴
870819,8,雨,雨,晴,晴,雨
870818,8,雨,晴,晴,晴,雨
870817,8,晴,晴,晴,晴,晴
870816,8,晴,晴,晴,晴,晴
870815,8,晴,晴,晴,雨,雨
870814,8,晴,晴,雨,雨,雨
870813,8,晴,雨,雨,晴,曇
870812,8,雨,雨,晴,晴,曇
870811,8,雨,晴,晴,雨,曇
870810,8,晴,晴,雨,雨,曇
870809,8,晴,雨,雨,曇,曇
870808,8,雨,雨,曇,曇,雨
870807,8,雨,曇,曇,曇,雨
870806,8,曇,曇,曇,曇,晴
870805,8,曇,曇,曇,曇,晴
870804,8,曇,曇,曇,雨,曇
870803,8,曇,曇,雨,雨,曇
870802,8,曇,雨,雨,晴,晴
870801,8,雨,雨,晴,晴,雨
870731,7,雨,晴,晴,曇,晴
870730,7,晴,晴,曇,曇,晴
870729,7,晴,曇,曇,晴,曇
870728,7,曇,曇,晴,雨,曇
870727,7,曇,晴,雨,晴,雨
870726,7,晴,雨,晴,晴,雨
870725,7,雨,晴,晴,曇,雨
870724,7,晴,晴,曇,曇,晴
870723,7,晴,曇,曇,雨,晴
870722,7,曇,曇,雨,雨,晴
870721,7,曇,雨,雨,雨,雨
870720,7,雨,雨,雨,晴,曇
870719,7,雨,雨,晴,晴,曇
870718,7,雨,晴,晴,晴,曇
870717,7,晴,晴,晴,雨,曇
870716,7,晴,晴,雨,曇,曇
870715,7,晴,雨,曇,曇,晴
870714,7,雨,曇,曇,曇,晴
870713,7,曇,曇,曇,曇,曇
870712,7,曇,曇,曇,曇,雨
870711,7,曇,曇,曇,晴,晴
870710,7,曇,曇,晴,晴,雨
870709,7,曇,晴,晴,曇,雨
870708,7,晴,晴,曇,雨,雨
870707,7,晴,曇,雨,晴,晴
870706,7,曇,雨,晴,雨,雨
870705,7,雨,晴,雨,雨,曇
870704,7,晴,雨,雨,雨,曇
870703,7,雨,雨,雨,晴,曇
870702,7,雨,雨,晴,雨,曇
870701,7,雨,晴,雨,曇,晴
870630,6,晴,雨,曇,曇,晴
870629,6,雨,曇,曇,曇,晴
870628,6,曇,曇,曇,曇,曇
870627,6,曇,曇,曇,晴,雨
870626,6,曇,曇,晴,晴,曇
870625,6,曇,晴,晴,晴,晴
870624,6,晴,晴,晴,曇,晴
870623,6,晴,晴,曇,雨,晴
870622,6,晴,曇,雨,曇,雨
870621,6,曇,雨,曇,晴,曇
870620,6,雨,曇,晴,晴,曇
870619,6,曇,晴,晴,晴,曇
870618,6,晴,晴,晴,雨,晴
870617,6,晴,晴,雨,曇,雨
870616,6,晴,雨,曇,曇,雨
870615,6,雨,曇,曇,曇,晴
870614,6,曇,曇,曇,晴,晴
870613,6,曇,曇,晴,雨,晴
870612,6,曇,晴,雨,雨,晴
870611,6,晴,雨,雨,晴,晴
870610,6,雨,雨,晴,晴,曇
870609,6,雨,晴,晴,晴,曇
870608,6,晴,晴,晴,晴,晴
870607,6,晴,晴,晴,晴,晴
870606,6,晴,晴,晴,曇,曇
870605,6,晴,晴,曇,曇,晴
870604,6,晴,曇,曇,晴,晴
870603,6,曇,曇,晴,晴,曇
870602,6,曇,晴,晴,曇,曇
870601,6,晴,晴,曇,晴,曇
870531,5,晴,曇,晴,晴,晴
870530,5,曇,晴,晴,曇,雨
870529,5,晴,晴,曇,曇,曇
870528,5,晴,曇,曇,曇,晴
870527,5,曇,曇,曇,晴,晴
870526,5,曇,曇,晴,雨,曇
870525,5,曇,晴,雨,曇,曇
870524,5,晴,雨,曇,晴,雨
870523,5,雨,曇,晴,晴,曇
870522,5,曇,晴,晴,曇,雨
870521,5,晴,晴,曇,曇,雨
870520,5,晴,曇,曇,雨,曇
870519,5,曇,曇,雨,曇,曇
870518,5,曇,雨,曇,雨,曇
870517,5,雨,曇,雨,雨,晴
870516,5,曇,雨,雨,曇,晴
870515,5,雨,雨,曇,曇,晴
870514,5,雨,曇,曇,曇,晴
870513,5,曇,曇,曇,晴,晴
870512,5,曇,曇,晴,晴,晴
870511,5,曇,晴,晴,晴,晴
870510,5,晴,晴,晴,晴,曇
870509,5,晴,晴,晴,晴,雨
870508,5,晴,晴,晴,晴,曇
870507,5,晴,晴,晴,晴,晴
870506,5,晴,晴,晴,曇,晴
870505,5,晴,晴,曇,雨,曇
870504,5,晴,曇,雨,曇,雨
870503,5,曇,雨,曇,晴,雨
870502,5,雨,曇,晴,晴,晴
870501,5,曇,晴,晴,曇,晴
870430,4,晴,晴,曇,雨,晴
870429,4,晴,曇,雨,雨,曇
870428,4,曇,雨,雨,晴,晴
870427,4,雨,雨,晴,晴,晴
870426,4,雨,晴,晴,晴,晴
870425,4,晴,晴,晴,曇,晴
870424,4,晴,晴,曇,晴,晴
870423,4,晴,曇,晴,晴,晴
870422,4,曇,晴,晴,晴,晴
870421,4,晴,晴,晴,晴,曇
870420,4,晴,晴,晴,晴,晴
870419,4,晴,晴,晴,晴,曇
870418,4,晴,晴,晴,晴,晴
870417,4,晴,晴,晴,曇,雨
870416,4,晴,晴,曇,晴,曇
870415,4,晴,曇,晴,曇,晴
870414,4,曇,晴,曇,晴,雨
870413,4,晴,曇,晴,雨,晴
870412,4,曇,晴,雨,曇,晴
870411,4,晴,雨,曇,晴,晴
870410,4,雨,曇,晴,雨,曇
870409,4,曇,晴,雨,晴,雨
870408,4,晴,雨,晴,晴,晴
870407,4,雨,晴,晴,晴,晴
870406,4,晴,晴,晴,曇,晴
870405,4,晴,晴,曇,雨,曇
870404,4,晴,曇,雨,晴,曇
870403,4,曇,雨,晴,晴,晴
870402,4,雨,晴,晴,晴,曇
870401,4,晴,晴,晴,曇,晴
870331,3,晴,晴,曇,曇,雨
870330,3,晴,曇,曇,晴,雨
870329,3,曇,曇,晴,曇,曇
870328,3,曇,晴,曇,晴,曇
870327,3,晴,曇,晴,雨,雨
870326,3,曇,晴,雨,雨,雨
870325,3,晴,雨,雨,曇,晴
870324,3,雨,雨,曇,曇,雨
870323,3,雨,曇,曇,雨,晴
870322,3,曇,曇,雨,雨,曇
870321,3,曇,雨,雨,晴,雨
870320,3,雨,雨,晴,雨,雨
870319,3,雨,晴,雨,晴,晴
870318,3,晴,雨,晴,曇,雨
870317,3,雨,晴,曇,雨,晴
870316,3,晴,曇,雨,雨,晴
870315,3,曇,雨,雨,晴,雨
870314,3,雨,雨,晴,雨,雪
870313,3,雨,晴,雨,晴,晴
870312,3,晴,雨,晴,晴,晴
870311,3,雨,晴,晴,雨,晴
870310,3,晴,晴,雨,雪,晴
870309,3,晴,雨,雪,晴,晴
870308,3,雨,雪,晴,晴,雪
870307,3,雪,晴,晴,晴,晴
870306,3,晴,晴,晴,晴,晴
870305,3,晴,晴,晴,晴,晴
870304,3,晴,晴,晴,雪,晴
870303,3,晴,晴,雪,晴,晴
870302,3,晴,雪,晴,晴,晴
870301,3,雪,晴,晴,晴,雨
870228,2,晴,晴,晴,晴,晴
870227,2,晴,晴,晴,晴,晴
870226,2,晴,晴,晴,晴,曇
870225,2,晴,晴,晴,雨,雨
870224,2,晴,晴,雨,晴,雪
870223,2,晴,雨,晴,晴,晴
870222,2,雨,晴,晴,曇,晴
870221,2,晴,晴,曇,雨,晴
870220,2,晴,曇,雨,雪,曇
870219,2,曇,雨,雪,晴,雨
870218,2,雨,雪,晴,晴,晴
870217,2,雪,晴,晴,晴,晴
870216,2,晴,晴,晴,曇,晴
870215,2,晴,晴,曇,雨,晴
870214,2,晴,曇,雨,晴,晴
870213,2,曇,雨,晴,晴,晴
870212,2,雨,晴,晴,晴,晴
870211,2,晴,晴,晴,晴,晴
870210,2,晴,晴,晴,晴,雪
870209,2,晴,晴,晴,晴,雪
870208,2,晴,晴,晴,晴,晴
870207,2,晴,晴,晴,晴,曇
870206,2,晴,晴,晴,雪,晴
870205,2,晴,晴,雪,雪,晴
870204,2,晴,雪,雪,晴,晴
870203,2,雪,雪,晴,曇,晴
870202,2,雪,晴,曇,晴,晴
870201,2,晴,曇,晴,晴,曇
870131,1,曇,晴,晴,晴,雨
870130,1,晴,晴,晴,晴,雨
870129,1,晴,晴,晴,晴,晴
870128,1,晴,晴,晴,曇,晴
870127,1,晴,晴,曇,雨,晴
870126,1,晴,曇,雨,雨,晴
870125,1,曇,雨,雨,晴,晴
870124,1,雨,雨,晴,晴,晴
870123,1,雨,晴,晴,晴,晴
870122,1,晴,晴,晴,晴,晴
870121,1,晴,晴,晴,晴,晴
870120,1,晴,晴,晴,晴,晴
870119,1,晴,晴,晴,晴,雪
870118,1,晴,晴,晴,晴,晴
870117,1,晴,晴,晴,晴,晴
870116,1,晴,晴,晴,晴,晴
870115,1,晴,晴,晴,雪,晴
870114,1,晴,晴,雪,晴,晴
870113,1,晴,雪,晴,晴,雪
870112,1,雪,晴,晴,晴,雪
870111,1,晴,晴,晴,晴,晴
870110,1,晴,晴,晴,晴,雨
870109,1,晴,晴,晴,雪,雪
870108,1,晴,晴,雪,雪,晴
